cookie_id,score
ck_315fb710a0e371e7,5.839284165679858e-07
ck_a76ee3b3e3e522fd,0.018054460626646923
ck_94c9a4d382689e82,0.0002860056001507036
ck_8eaf9509ad9462a0,1.0055686030931578e-06
ck_9a88a5a989cb5bc6,0.00011772821936586954
ck_15239ef0689c1a35,7.026033676520881e-06
ck_8de69cd219d3b87f,0.02016111930968062
ck_f92cd37022b0ce21,0.0008252604413663832
ck_1a3ff7620580a514,2.099316349360828e-05
ck_397c03aa33a57310,0.02766367064294495
ck_a7cf6c3b322f6b7a,0.0007523546046655398
ck_c39a9e75760e3201,2.0361950852626e-05
ck_88ab6d245228c38e,4.0687676090424785e-07
ck_17733f75ebdea93e,8.957990610259091e-05
ck_58eb871e8d7bed52,0.031398358751582034
ck_e55b7fa67db1ec27,3.3957954282712607e-06
ck_62f5cfe22c952694,3.268663982540045e-07
ck_7fbb709a0fe95759,2.8252128142093173e-06
ck_87abe9cd066a20fb,1.7929580990562562e-05
ck_d58e058b5c553dd5,5.5664015926158796e-05
ck_d27b872648b71202,2.5842987992789122e-06
ck_4b4a3c5b95c55b43,2.4661618847400377e-05
ck_66dd4f4b4127256d,7.311851463784349e-07
ck_93cc12703b500613,0.19256106576309512
ck_d28806a2179092eb,0.9999989726889855
ck_0595c2a0c7881e05,0.0008243001575637879
ck_50087d8666191144,0.9285646007677995
ck_b08b3f089138c901,5.97871025336658e-05
ck_fe3b67041dad2dd1,6.456189722414959e-06
ck_8449a28f7d475d93,0.0032436446973035096
ck_8642e3b6d84f49d3,0.0008717768375098087
ck_e49b5e4f2f2e79db,0.2775347623868281
ck_437afe412ea4259c,0.018405767302928665
ck_569b83668d74042d,0.280921918516589
ck_233a487d31c3e631,0.9999997606407214
ck_1fca72e03143a645,0.9580077760732321
ck_79205e31223df2ad,0.005536328759918416
ck_9625a64406ea16e3,0.00012686484918368176
ck_079bd18dacb704a8,0.08046914039646108
ck_4db6d4fd2b49aa81,0.002496013285173679
ck_0dbefdac0a1868fb,6.015398321285818e-06
ck_24ff97ad90bdd69a,0.009308644480173583
ck_77f8c5042065d506,0.000176220011902683
ck_f11be8ce05382cec,7.349121850706316e-06
ck_c9d72140b0389216,0.0009302680113908715
ck_69eda24e931fb36a,7.74450614073787e-07
ck_ed471e496916ee15,1.6775827283166453e-07
ck_ff090498c4b17ac3,0.00033672231769948273
ck_c3c19d6a0720915c,1.1206644017100847e-06
ck_af02e1817cfa40b5,0.00045748049424676663
ck_2df5a9fc87553eb1,5.099432040760441e-05
ck_4ac918e884cff336,0.004208881931137011
ck_ca149244b54ef3ad,4.1420741138660064e-07
ck_6babe5b8674ff51f,1.2768835433780722e-06
ck_1573878386886290,2.8601546658853522e-06
ck_3925f8565abb7fe4,8.317774208787795e-06
ck_c4de808ae69c771f,9.700392788627717e-07
ck_a777c813551281fe,1.2639441948297385e-06
ck_df4424f6dd85080d,0.0022087540368929525
ck_85e5494ec20383ae,0.0023507750146465104
ck_f71a4094e889c3af,1.8635968431503806e-05
ck_f2f3cf9cd23b2809,0.003972469861768589
ck_18e2076397bcc211,0.0015665132096509653
ck_c9f9fddef39bc664,0.000548871540439913
ck_7e826e233d6ea028,8.657775530907155e-06
ck_62fd7eb46bee9210,0.0002581910620571757
ck_206f8e3cd72768f3,0.0055837868833122015
ck_aa295a11b0a6ab36,0.00014135268710763178
ck_9a56739d81f84a53,3.053215585837737e-05
ck_aa075c418ed9fe5a,8.019303132649604e-05
ck_62b9fb3db284941b,2.059500696133027e-05
ck_f4f83b1403ebea46,2.4476815651462794e-05
ck_16b66bd803288bc3,0.5741066199821327
ck_c4ca1434f3778f1d,0.999998755953942
ck_1b823610371a29c0,0.0031600365958328568
ck_c2bd5a722aa637d9,1.7173289789663447e-06
ck_7890208951df34f0,0.0029041816833270872
ck_020eb0e454524ecd,1.0933105337039299e-06
ck_3b66196ccf436c35,3.236922047699942e-05
ck_109fc467ec0a4af5,0.1008606651217076
ck_f3dcd818db92de7b,6.000671633758139e-05
ck_31e7742f160980ef,0.0018040603013086633
ck_77fce5f86f00b8f4,0.21089857841782633
ck_46bc797b4d07d607,9.774995361826555e-05
ck_37899b1b571b1c6b,0.0012734622192183739
ck_ef8a6af43fedd464,2.055772880615705e-05
ck_bcc8519fe8521038,0.0003933657197590194
ck_90696b7182dd9129,0.0004905587650671337
ck_4a24ad61d017e1ba,0.0004226513849932548
ck_0acc3d8c67218b9d,0.0005136209529818975
ck_05c97fc9de11aba6,0.012063717323350206
ck_f8ac3a0500c0ec62,0.00035735586596126034
ck_617b65141f546a1c,0.0001089634620363338
ck_9d00823bf60388d7,0.0004194978213733224
ck_123c15d93f1840f2,0.16473968617246323
ck_573feefba6bf78bb,0.3382445677650811
ck_b25657bd16739036,9.184763626766155e-06
ck_bd26d2bef14a8597,2.95865770304348e-05
ck_a553418f2fba1440,3.2770795447238215e-05
ck_89f3e380b0686963,0.0003048311428036987
ck_b359192aa659bdce,0.0025406410758815143
ck_02241f3dc301bebf,1.5177923728129392e-05
ck_5ccc1a1c78cb33ee,0.0007946240642655857
ck_349cc5edda1b8853,0.043480792382531865
ck_e9f228845bf6e28b,0.00029906746386746996
ck_0a45d033d4e280ea,0.0011431482966332974
ck_7e63168dda612235,4.044393289726852e-06
ck_676fa5f6aae5475b,6.720300172886e-05
ck_74b502b20690ccfe,1.3309982636595035e-05
ck_073509af21dd7f5f,0.4381109964114131
ck_498a0acd450944d8,7.64631489884236e-06
ck_7f15b50b29dead01,7.152091877775618e-05
ck_8089fe7403c5f537,0.0007508244800088895
ck_05b2b04e11d9ae9c,0.005439596637288127
ck_31e70f2f04b48b88,7.556936100197058e-06
ck_994316fa5a02b319,3.7392980751276685e-07
ck_b76510998b9a2260,0.006818238114269455
ck_4db95c310e105d30,2.5095528188208696e-06
ck_6f730b77dc6cdb84,0.0003348794284546428
ck_2493ee8e7b91d304,0.0001541345891931074
ck_92d679d6ac7dcdcb,0.041384799957374166
ck_3a0e0200cbb185cb,0.00019454162505226874
ck_0b2eeb4e00ff7955,0.00013361387970098725
ck_9843d0e61c37ebe8,0.9999995250380886
ck_e61c8721e3ef1921,0.00017066826092429854
ck_2e0eedaaf2980c2c,0.0015659488985438708
ck_9036b2e5e9298a34,1.114200783170314e-05
ck_3265442528d51728,2.338066248133906e-05
ck_f2ddae2eb1cb29b4,0.0001688698053746114
ck_6cfa71d27fc27f92,0.0008014657545665929
ck_f3199fbe84a28b9a,0.031046828431920588
ck_b78d785ca3ef773a,0.00032640090001016884
ck_374865697f1480eb,0.002566792011219791
ck_06d0e4a9189302a9,0.010631905313852033
ck_9c9884b9bcaa552e,0.05779196546624083
ck_fd4cf578e87703ff,0.00041861400044500014
ck_1917ef3e6e345549,0.022182525221483184
ck_e70418b00cbbbac9,0.008299670967385354
ck_a60388296a47062c,0.0017252209154224585
ck_d598fe8d2c779ab9,0.00012675565460136496
ck_646dc03de4c31803,0.9941908595296387
ck_e4fd8cbd842b6993,1.6926960171864855e-07
ck_2225b555aa2a42ed,0.002846378671928413
ck_6be8ae9d78148882,9.432674541507781e-06
ck_4199342d3aca74e8,0.025464185755805183
ck_779581adb573261f,0.000185389784479824
ck_bb303568b6915205,0.40751430090108715
ck_17c4296276448afe,2.2470369915044813e-05
ck_a60a61ac829252a0,6.629065168348204e-05
ck_6ea70950c1cae00b,0.996198177373392
ck_1abb93f6924645e1,0.0016655620821914429
ck_faab769cce19879a,0.047654727687027824
ck_d5b8e74e7ca6355a,0.0006058424406662563
ck_f11f7691af16ad07,4.835519184606582e-05
ck_188fdf2be7c92e9d,0.9999994990944336
ck_4a103f8254b366f7,0.0007125013408347731
ck_bfa17a0b1760e616,3.207935468506539e-07
ck_a4d7f6a5869d440a,0.9999729466837394
ck_58e20f5a3e7f11b8,0.9948186515261273
ck_4becdd3d2696c7ba,2.163701571469556e-06
ck_dad5cf32ab9f243f,9.540205159615705e-05
ck_7d9f73dc7c4f90c3,0.06112023339808765
ck_c19371047a2d011d,5.0967779597448495e-05
ck_247589ff532f7aa8,8.422703120079753e-05
ck_7a9f241d5f082567,2.533389797809156e-06
ck_0a2b7078736b4dda,2.303021640210081e-05
ck_687b412e2aac7eb6,4.5606824009230895e-05
ck_fce0b6855886a0b8,5.8188599833290694e-06
ck_e291cc60920456d0,0.16009285867958634
ck_04219a7ea798db51,0.0009256666924402345
ck_286bfd719836e9f3,0.1589441825645696
ck_55efc92394fee232,0.0025227944662481283
ck_e36c8da1bd359960,0.032543570622864525
ck_34b0988a97d96902,0.00012273902060792448
ck_e0fb11fc9dcb34e6,2.5843961289769235e-05
ck_bcc9cbc9ed8b7c31,0.00014858761336109539
ck_3df8da6f60a89a5b,0.00020003542778174825
ck_b1495ee5c59a6b28,0.002172368244244404
ck_58f4c3ac61fda129,0.0004991176718546634
ck_735f244b99e3aa8d,1.380240110915622e-05
ck_6b93bd8abf87b1d6,0.9993952784641869
ck_12107dacc6d05bd1,7.977657522148066e-07
ck_f96db2a1f3448d1f,0.00018083630058568522
ck_8fd91a3c99e19097,0.0001535135458988941
ck_910205d25388a0ae,9.914810581419129e-06
ck_d229dfa0e4442628,9.329825800321804e-07
ck_7cdec61e1c488798,0.0008392759223405071
ck_f66f06e24ff32671,0.0002906844742773195
ck_350bf14e90b503f5,0.00015337141881395755
ck_61fff5fdaadd394b,0.0002252667138546495
ck_e934f984bad2ff91,0.31240557190552476
ck_ff6a6d3547dd2d37,0.004863086511654851
ck_65ad9b15979e3247,0.0007397912026465168
ck_bbe1a2ea5a403ad8,0.9762159975204553
ck_6f3a28eecd2c4031,0.0009120587604985277
ck_a89b66665714058f,0.00026956466723215784
ck_918c92182b6817cd,0.0016868562713801085
ck_64f5eb4be9e7b8fa,0.016964913836621326
ck_d021fd497ea35fb2,0.0019806256007558914
ck_004de16f7d8a42ae,0.008908678469839303
ck_a33d2325f86ab12d,2.285719424630418e-05
ck_89790ff26c844bc6,9.020366730232412e-05
ck_e6e7257377c37b28,0.1246614510023046
ck_a2cc3910a641a808,0.7695895005408877
ck_646e270e0195bf05,4.9724464312862586e-05
ck_baba5d66def0d770,0.04280858906065661
ck_67cdcdda3033842d,3.73882858907668e-05
ck_b5c3075c811a2216,0.020204738452339426
ck_515379973a8044b8,2.7308454440868993e-05
ck_c0ce85fb4109567d,0.0001215109161757906
ck_fef850553862aaca,1.3917091616465604e-06
ck_55d7217b0aff9fa2,3.812274286996193e-05
ck_8e139f8925ef7968,0.000223378637780164
ck_9e35b908fca1e4d7,0.00011763492359286555
ck_59735f4ab2ad3da5,0.012120815124941401
ck_dc569c1167ccec0d,0.9810621985164633
ck_1dade5592f90a15c,0.0023573317103181774
ck_793048d11fb8b328,0.6668524819415357
ck_545b71eb4fa594b5,1.8169337303886257e-05
ck_bd30853e9a57b544,0.005347232318350303
ck_59f46321ecf6d306,3.46174539743778e-05
ck_260cfe9141d249f1,0.08140743867506899
ck_3365a0ad1a8aa83c,4.648011570570838e-05
ck_b0ef193195a2138b,2.193485829371321e-05
ck_0f909705e2e60f2f,4.386114166377438e-06
ck_5a540b75c866166a,0.002467213914632285
ck_87c26b2f41025109,0.9999579945457033
ck_27acc9f320cda104,0.0663628405802018
ck_a27bc31eecd9cb9a,0.004563262398659585
ck_115d86fabde77b65,3.152692484609002e-06
ck_eeca179341d56f8a,0.9916722449946798
ck_8e5999c436cf037e,2.3405749332466447e-06
ck_510e7c5df1f95d90,0.9999973058256983
ck_f1acf73363925958,0.00027028978175477945
ck_3c177f5970b68bd3,0.0005170929315495326
ck_9cdfaa1c30cc9d32,1.8294341269349617e-06
ck_c8efa1538b37c359,0.00013699253800368412
ck_a8a2e296f9804bd7,0.004471717296551264
ck_91a0ca45f429568d,0.0005755037463763302
ck_5fdf8a0bdbd3ed62,0.012163398444739824
ck_0f4e2ec66d50da5f,4.4241168314732945e-05
ck_28c53b214b2ee882,0.1955065918607676
ck_003148504557f720,0.04591246583878601
ck_01d840cffb870615,0.04617628257510454
ck_555848d51f4b5f35,0.0033022078591151737
ck_df20cc23b8fb8e22,0.0001925115355704102
ck_f9604adde929beff,3.96278997277256e-05
ck_d66952b03591bdec,1.9751982877277936e-05
ck_ddcac1ab765ff61a,0.0003881424031312208
ck_347386629d96c664,0.00155986532257628
ck_ab01db9117acfe3d,0.00020699931873628056
ck_58e5359efc52e0ad,0.00026498071348124094
ck_1a524b5cc8da71b3,0.0007731439515576778
ck_e9287b6d909d731f,6.104538886032743e-06
ck_bb41a66e3d90263b,0.24240661731760216
ck_e95c8cc1864bd584,1.820056188158396e-06
ck_7a3f2961e9a8b6dc,0.00033434909497933425
ck_378a9df82b1e0bee,0.5810407466512322
ck_42633573639a3f02,0.9998989141621658
ck_2a5a4c18c2c7274b,0.00044729812744218945
ck_77549c1a41f837c3,0.00021377910323765555
ck_a26704b5b26258b7,0.0002988618267886424
ck_9874ad160efddf50,2.2743248742095002e-05
ck_9111e3a04b14dfba,0.010348349659643617
ck_651e076ee43aea85,0.0001462139892785963
ck_391639c0f13932f3,1.586441291466946e-07
ck_02dbabda93c8c13d,0.25158973282445374
ck_0adcb1fffcb0a34b,0.000570637181685598
ck_7a43ef9c7b1c67b5,5.7106800557431475e-05
ck_4b9dd69946438d0b,0.00010612268192991805
ck_90bf017cdd37b66e,0.0003041221361804396
ck_61c74163eb36556e,0.0007933996217519308
ck_13376c59b5bd6943,2.4724585153489945e-05
ck_62337eccb1672737,2.312206797823684e-05
ck_16077934338472bf,5.189690590915551e-06
ck_0d4dfd93086e7330,0.00017780512087697708
ck_3865b7525b910893,0.0006179366550908311
ck_7e2ae8b69ebd5675,0.0002550619997008611
ck_b4384b6c11766ce7,7.046984376794053e-05
ck_3d7fa32dfb9fc692,0.022945049609635504
ck_f4a6a7cadd6e0603,0.029425349377632685
ck_212525e2828a6c45,0.00010180883820049886
ck_33ad8d53394ba77a,0.08655169272605368
ck_a5051eafe8b51224,2.080324835300554e-05
ck_f65e5ff7da565f91,0.00018488235130218668
ck_5c37f7563fa7591d,8.288766833104462e-05
ck_f1e0a006068aff29,3.4408540586462984e-05
ck_c646cdead6fb79d0,3.3175214021454564e-05
ck_f8b3cdffef535330,8.246032953490736e-05
ck_e5cdbe3aa12c97f6,0.00010236683678210167
ck_986e4e61440506d0,0.00390436819614532
ck_6da9c5912e15d9a8,2.42107201657297e-05
ck_51d842e6dae74c71,0.00026179991254035616
ck_5fc65c24e0736d5d,0.9975891512439216
ck_babb95a76c69509d,9.197273365868077e-05
ck_86a2d852a9715432,4.0408547637199284e-05
ck_db4083a0d043def8,0.0028311595947202945
ck_96953b8945b7d403,4.024133536582769e-05
ck_7831ca5c31fb3859,0.00035703310328944756
ck_60ac5e5f375daa38,1.895780061012248e-05
ck_05d44eb1f5f085ce,0.00013449910865888978
ck_432cc19c7eeaa46e,0.0012148817158253173
ck_7fc513033af061af,0.0039054168959350593
ck_ada6ede84c111719,7.3283143387992915e-06
ck_6343e0d3b1c2962b,0.0009150543242857949
ck_010264ae04f2e902,0.0023132614313122394
ck_e9dcf535f8c289eb,0.006260266772391046
ck_37143d9cc296e6fa,1.32491634301112e-06
ck_61fa051192f3e810,1.504625677098554e-05
ck_f9f93d1d41be1468,0.9570058644122466
ck_c4f4f28457be8a74,1.6646228332198724e-06
ck_323a71f9452d21cb,0.9871170015835213
ck_170f4688e0acd875,0.044189809647160766
ck_869b1878d09d230d,0.008823646949062071
ck_2f6b33bf46976229,1.1908257342674145e-05
ck_b11e22e75d9b99de,3.684115834346912e-07
ck_123d75ffb75b606d,7.127761015040057e-05
ck_94295287a04c85d2,0.08374133501427379
ck_1b0434f096795328,2.2769604986375245e-06
ck_0a4e191cd0a57ce1,0.0003317879324147677
ck_d2fbd0df99634676,0.00019339443891919084
ck_d51df5e9fbbbcc94,0.0009299642756979512
ck_2d3d7d64a6f443f8,0.00031429508758106114
ck_731943c682c9394e,0.007398676315974348
ck_5ccc0c94e5e1f849,0.0006650504626105213
ck_c3476080516db25d,2.3341451886211595e-05
ck_5010ffb1c94187b5,2.04445217029047e-05
ck_7ef666d67bc70223,0.0002678493706088253
ck_c1b493527224a27a,1.0326305672304516e-05
ck_5d1e25d7acc5af9a,0.0001370942484236351
ck_ec30b61cbf517db8,1.0443544322598744e-05
ck_79323eb5d2e5efae,0.0006678685307423761
ck_4085cd3bf2661518,0.0031021869440706618
ck_2ca91214c357c072,0.0767139407894602
ck_7f3132d6be389657,0.012215096623621661
ck_e7a6b925c8f39a85,0.0003031530931161914
ck_c886adec7bac250a,0.0006981939555539004
ck_c3f360c2d0ea0a37,0.00028448047448713924
ck_a7acd5b015823793,0.0018399337972409386
ck_9d64187c0800f84e,6.0960517474544896e-05
ck_5d4ed73b9efd7d11,0.000170717098621082
ck_874eca6776b34dec,4.8772569308014854e-05
ck_96a9221a87be93c3,0.0015292152583871225
ck_68dd79a51eabf5e6,0.0039031746687402274
ck_8311cb6755b2016c,1.5930078850196073e-07
ck_16fc77b2bcf5ec03,0.9997564996950102
ck_ad9e2088a33c8c72,1.2728528098884293e-06
ck_7176bbc97b1e42a1,6.93740802116771e-06
ck_80dfa54b30f65fff,0.9842517717024498
ck_31c54d540b128843,3.140145555107502e-05
ck_43ea894480567274,0.002959983359305207
ck_9c9e8a38bd5a6c88,0.0020013695406939994
ck_1c2dcae19539e148,0.0031388330906742387
ck_b0fa8b84e94d8ae0,0.00021634419039152697
ck_4ceb43ccd0a81c2f,0.0003109513607054331
ck_ba845332b730b596,1.8348370776445165e-05
ck_73d3e8c6077f61e6,0.026120487307797122
ck_b5d0d223ef56473f,0.002108968163627336
ck_949f08f8e80e93ea,5.348904651557713e-05
ck_73de0b49709e5f8c,2.5821805503376147e-05
ck_b5935e9722a39819,0.004196368026855627
ck_96247fee0eb44420,1.2056608867552542e-05
ck_a6def1e4b2d57e0d,0.0026662775459426716
ck_aecdc5a96321a2d8,0.0022717952843602117
ck_bc61c59970f8de49,0.0031748525241759315
ck_c43b4175fc9ac5bd,0.9264477636349321
ck_8ff7a9b23a55fd62,1.4915081823016734e-05
ck_20c99b645f462449,6.764527098011067e-05
ck_a5ce2ae36fb410d9,6.2126514276219084e-06
ck_96fb9bf556842bbc,0.00028505858558928044
ck_b5e4c6dbbed1b773,0.00023324465355836744
ck_2085433978e72ea9,0.006236071481497395
ck_2c6b174b063ec637,0.002438721032793293
ck_b20b81b88dabe28d,0.00014440375671667002
ck_243c18dbf150831c,4.6422506058046354e-06
ck_2bb6a17e8eee35cc,0.0006267368919156254
ck_66147fb994495396,0.003646942926133886
ck_73f124f075ede0fc,0.0013958976902276336
ck_2e315f1b1e533dab,5.745393526144855e-06
ck_16c7bf94ed3e7a6f,4.873803047100263e-06
ck_4a0eae220a762ac5,0.001477228948117378
ck_dc16f939c2f44ad8,0.04089487886969193
ck_817926b449754917,0.0005865124275579
ck_0c0dde42ab64ef87,0.0023991905799605824
ck_cb3a40594da6a2ee,0.00032497253640937995
ck_d0dc156441fcfdcb,0.04629303815746784
ck_66f0945add423e9e,1.822566462650554e-05
ck_a74f6a3030f5d495,0.001338050230277927
ck_1ae460f331e49ae2,0.04345818575093051
ck_2d177b2f4f0b40c9,0.01208976058046718
ck_92e474e4368c4791,0.0013573035828786948
ck_3dee83fa2d109484,1.87262424232649e-05
ck_80e5ea27848069fe,0.0001512473375862961
ck_ed0c4a83701ca230,0.005746012665875128
ck_0b8b7c5c581fd161,1.6468887502429215e-06
ck_60bf8a2870956fb1,2.7803924203154878e-05
ck_73a54b56a2bf35fe,0.9983159995824015
ck_2296d7a563424883,0.0001693825324237577
ck_bc19c383560c7477,0.044076308598429564
ck_861d8e3d88f1079e,0.00031417052320582465
ck_3f090fc96c24eb28,6.14834169961828e-05
ck_9a6a1f8102febfca,0.0032710486865004367
ck_541b6ad5d2fa5a39,0.0003373548719460901
ck_a760d38d1bc4de97,0.0001162238391211341
ck_7dca4d7ee10b4eeb,1.402035183737824e-06
ck_15220e78d1545e40,0.002078254168513328
ck_ca24bb0de508efb0,7.238545508672412e-06
ck_56b389627d8f02c5,0.9977149734727236
ck_48a6754977a44db0,0.00012674835146766805
ck_333a43ec339a04cb,0.002824481682352408
ck_f22aacaf86a65d7e,0.00026931255808569567
ck_04bd8a1ffaf3ffd8,1.5628390934183465e-06
ck_2737a72de6b700f3,0.001683411116581294
ck_c35e03b0dd0c3454,0.00014611720246530296
ck_e0571312f395cd94,0.001337175213995666
ck_09fab6b9825001b2,2.7620225557411565e-05
ck_18c3a095606209e8,0.0034192121278962435
ck_2a97db9377d01e36,1.6260301761591509e-06
ck_f29dbbfdd2786bd1,1.4951814427092269e-05
ck_35d6c510ad29362e,0.053010925108054816
ck_5468fa99c945d785,0.0012748887085375488
ck_6f8102f62c876cc9,0.036137566583584343
ck_91955aab3424ad16,1.0061085480871302e-05
ck_9a43c0c73a39d759,0.0018172773318770744
ck_60b023af6d1e30bf,0.9847463686722719
ck_9704c5cf8659cedc,0.00015505552696900917
ck_7e5f02b51b9f78bf,0.002941752660646025
ck_7d3a88d1aa649708,0.9867241344573185
ck_8250eddc1ecb07a0,0.00014665784158302795
ck_d979ef95ee44023d,0.00011806665640800998
ck_5e5461dac83531ac,0.00011540147711066378
ck_d1bb8890081e0a31,0.001875022473960799
ck_32246c62640648d9,8.45036051585625e-06
ck_77a40c7d2f862a32,0.00042156018016944595
ck_1c8b94efe9238f5b,1.3071098308869513e-05
ck_eaf3b6d11bc3cb11,3.829681661978927e-05
ck_a4a7ef3ad799c380,0.006116595277604215
ck_d5bd8f68da073cd8,9.854541252867116e-05
ck_6e6258227fc8db7f,2.72669208831183e-07
ck_c35d444e05799db6,2.703902191553679e-05
ck_74665e1209140ae8,0.0014799592620836446
ck_353a272478f7e903,5.7455204333145217e-05
ck_a2c9796ea229a4e2,0.0028054558940606303
ck_e0171f91cb3411fe,0.008471295896062539
ck_703499f5410280f7,4.759675981230312e-06
ck_ae3a763997f8f385,3.330332957331947e-05
ck_f7ff94c3df5ac874,0.0006331827635294282
ck_f3c16d8f747db046,0.000328163464535958
ck_7ef019ed77276496,2.121466444046091e-05
ck_d6a4faadab58a3de,8.915746321608444e-05
ck_ba7b78d31d74c794,0.003163966650938356
ck_36287d063350ce9d,0.0001052937859295315
ck_5177fc7137ff26ce,1.6916917101040324e-06
ck_dfd4e79aaa967b63,0.00012128926747695155
ck_fb44d15fb93a7157,0.0012851700372739396
ck_fca478361870a4ca,0.005086297693599212
ck_e57b94fe57341058,0.004484908983502963
ck_5448c946cc4758fe,0.0009933391665433887
ck_c5ece5ffb8800ad4,1.7065812751599705e-05
ck_11cb98211b2ed134,0.9950566636097998
ck_f655399ac75c4450,0.00020852045574474055
ck_c817259019588d30,0.0024066080715659456
ck_8740a14d8096c6e1,2.1191087415927508e-05
ck_0c5ba86f4e05b38d,9.849172505675985e-05
ck_ccc917533d4b73d4,1.6402930554852395e-05
ck_9eb80edfa43203de,7.217573100082249e-05
ck_d1a1cf4cf61d6801,0.0002665230225325393
ck_b17c239f160e6017,0.0002494345563101391
ck_410c3e13b48e0415,1.5155121222092032e-06
ck_ab553954435e8854,0.9993984325669565
ck_bdbb4230c91e1604,9.92645520802651e-05
ck_8fd4937eadd64fb6,6.982765558280376e-05
ck_e0e90b196bef3c11,1.5274842567075927e-05
ck_3dc4d464386f0eb2,0.15212414920684522
ck_51bbbf8f8e8ad005,0.9999995194595306
ck_c05737ab74cf03c6,0.0006003789525360366
ck_dceabbe04d99afc2,5.594920481292829e-07
ck_5b86fd14e85bc9c7,0.9177501997369873
ck_d4febf0083800424,3.3503056908479205e-05
ck_77d9f86dcf251739,0.000428112031865523
ck_b4dcebc543deaafb,0.00020185597029304624
ck_cb856e75c949b0cc,2.0667735396007582e-07
ck_61b067de8ffc1ca1,0.030904993550921894
ck_c0e8560ccfd9dd9d,2.042056065553372e-05
ck_173e1198c341087b,3.781056542632837e-05
ck_b4d55bc809000276,0.001370953864980766
ck_839bf139296b5cea,0.00040117333501448203
ck_78cd402a2a4f2e35,2.147833506046994e-06
ck_c2925c50ebacbdba,0.0003056549507122064
ck_5e3bc76eddbdb0a6,3.6635139622341705e-06
ck_b7793edca26fc512,0.0004302993820620226
ck_d79bdf04d6f31cd5,0.00018198485994299756
ck_4b97d19ed946f503,0.0036898966873179467
ck_37139b41c5370523,0.38015911318387896
ck_8c346eeefa9ce692,4.083412278887529e-05
ck_2ab7eddee2d8c49e,3.0053789645276398e-05
ck_29da59ea3bffb9d8,0.1952287262128201
ck_c1d05ef0ec6e4be7,1.3508321606896286e-05
ck_3882423b449f6291,0.9968881109553568
ck_5647030283171ed5,0.8922932305235793
ck_efbdcd9c181e72ca,2.2977850102565e-05
ck_192fdad892782daf,0.25389730723606496
ck_0bf2e13b9f2601ac,0.00039743995288382645
ck_3d6046a533057795,3.890991362020441e-06
ck_279a1d3a3836e5cc,0.0007890977944444333
ck_c375e929becde422,0.00014309680001604302
ck_a59e90219939a1f0,4.724052687572409e-06
ck_4e9fba1ec54c3ff8,5.865671384917355e-05
ck_bcbd8588a13f5eef,3.516552241128116e-07
ck_5f9a7ff990341bdd,1.2219315874403375e-06
ck_e0403d507519b7d2,0.001817390996114495
ck_c9490cb61aff5112,0.0003141631391344548
ck_41dd44308e6a665a,0.0015835857784347487
ck_76c23726cd7ca947,0.0003406158796868656
ck_9be551300209fa83,2.6821360219840057e-05
ck_a98848eec6c9581e,0.002801125578522198
ck_61176dafb33b2d8a,0.8991322067578167
ck_92de019e05971ce3,5.451927350442884e-06
ck_5d644224135d7c65,9.148798202285541e-05
ck_c767fc454fa215d0,2.0537923185637958e-05
ck_5df85a8924e11f27,0.00025882068166884295
ck_da2729307af06ed5,0.0015910415232820204
ck_7c6b577174af7a78,7.903110695629656e-05
ck_893b8afbe11301e1,2.9770608725305772e-05
ck_e06f6fed020ae014,9.936099052290001e-05
ck_386680372fb54857,5.123861810646621e-05
ck_7a7f3c4fe0c9d2ca,5.763138324809697e-05
ck_f908b527c4db422d,0.01960453517149618
ck_ec2eee6a133e9a6f,0.004221732826415551
ck_d98934f9fe0b02b3,6.402186927247515e-07
ck_398a1ed77b0130e5,1.0263914389103905e-05
ck_d960af7a55b892b1,5.2671542434136356e-05
ck_4637e54a9f79e2e7,1.5275278251066606e-05
ck_02b9f418524f6650,0.00018104446917677517
ck_d4b23804cebb045d,0.0011406255530086431
ck_35b1939c48182a9a,8.852918183987991e-05
ck_2dcbb71e39d64305,0.0004694158483467682
ck_47a884dec960ff2d,3.474591376190028e-05
ck_71fd8c346fde5cca,0.004521735284532219
ck_98e1992ac8e7d2de,0.0057681157215707345
ck_ae7780327e210522,0.0004800636252711908
ck_e6c584b4b1ad6d9d,8.918408164540236e-05
ck_344b2e326a6c3dcc,2.5943196981464345e-05
ck_9aa899a5230b0963,0.0010734363846436382
ck_e48d14d5b70ef5aa,1.1274442314634605e-05
ck_59d380a0973b3951,0.005795508499778394
ck_11318f7c041a5ba9,1.4502430208239339e-05
ck_7061786fe2f22f5a,0.005347562326528394
ck_e77529651c416cf7,0.00011479696615899862
ck_7f79878197340435,0.00013064298494659283
ck_b0a0fb0ee9ebf106,0.0011972681853728091
ck_70c7679199776a90,0.00019753862854267898
ck_b9facd2210daca5c,0.0013119494611238797
ck_9949f53c155b8dde,0.0003003544556753138
ck_1c607e24f2c4397a,0.004915684595887009
ck_aefd1ce3ce093cbd,5.024867421836722e-06
ck_5a29b7018e43280c,1.528686475724134e-06
ck_69eb0b2ccfbe5f95,0.002018086742767148
ck_fe037765aa465c58,3.2923523163842424e-05
ck_5e512ef5362a3dd6,0.00025420173892650653
ck_544a9e80b7fdc279,1.4495668251779923e-05
ck_7825494e654d5695,0.0021662955526246127
ck_f1f2c3c623553f0d,3.2964549907950746e-07
ck_52730906e5b461eb,0.996400669823964
ck_01e0689157fe9617,0.968218878019427
ck_9da82e567074da9d,0.0213816953445099
ck_6a17384072f904c0,3.107452334037543e-05
ck_8d84d771a21942a7,2.4076095201001268e-06
ck_39638880292782a7,0.0012585837506788585
ck_7d51c86e0eec72ac,0.0007270357111101119
ck_45f4c821c70d134f,0.5765231049118412
ck_0af3c13ba56ce57c,4.877921025788799e-05
ck_0789a05e061b2784,0.4849494756904999
ck_6ba091eb42ffa9fb,0.11075509539211507
ck_265accb3c5c32620,0.044974649249308565
ck_179039559ff7566c,0.006557071259041672
ck_17c0a6a92b5765cf,0.00024562900788931564
ck_59371c9140239fd7,0.000496392996848734
ck_f9c4f8b4ce2691f0,0.0013654654811660959
ck_a2637e4872cf4811,0.0019073961901246883
ck_1de43fd6c6c22a5f,0.0045779826574626524
ck_6e4f31bd108571f0,0.000122352569858774
ck_da06d97db0b18851,4.08702082612016e-07
ck_e0346d5081e640e8,0.0017863683171615468
ck_c1c7d4e62c9fcded,0.24113448238078047
ck_2595669e421299f6,0.013247382388831724
ck_3b6057d51fd4c7d6,0.004127437523655613
ck_c5f8ab515840a0fe,4.127636113644863e-05
ck_435cb24538c6f77c,0.003624518444128933
ck_d84b5403da4cea7b,0.011762940097654573
ck_c2b61a98d1c8f6dd,0.99130970657795
ck_c9dcd92b2f836b61,0.0956601484816555
ck_9eb5b3f5f672c2b1,3.4415523306592634e-05
ck_e4cf189a8d31649a,7.3220019923739845e-06
ck_6b114f2a48152b96,1.983859511171276e-06
ck_3fb95862b70f505c,0.0027648007508940054
ck_7f780f465c29398e,6.50726595156879e-05
ck_ee387f9da79e67ea,0.015874484936997776
ck_fa3b1e85d27af2ee,0.000685036697661021
ck_e739eaaa7a1822f2,0.001021260555888607
ck_dfa0ac11fcb1dabd,1.8664961664589418e-05
ck_6e8751b571ea54d1,0.0016258090324686692
ck_2d695f8358383092,0.0012351074690434584
ck_e7dce27edb700f27,0.0007495167852630511
ck_e322da8b213eab52,8.337792126701319e-08
ck_d0b32e039abb8200,4.5933163935347296e-06
ck_b354003302b272ca,2.0407518438814133e-05
ck_f7485cba392bc294,0.01595608577895827
ck_d6a290ff8362c7b9,0.010686759386164578
ck_c56a44fe315c0389,3.3347604560187066e-05
ck_f77dfe6512eae322,0.0006206695092946345
ck_35fe969c58b9e70b,0.05387073019020349
ck_4c518637db2322d5,0.01612594014663919
ck_cb61902798ecc4fd,0.0015429225689489378
ck_56e6cfa32156a916,0.00028702085804351084
ck_343e6ed2b9d35c01,1.2396643875340084e-05
ck_51440f64f7250ad7,0.0001751307252635777
ck_295bca29c34cfe2e,0.011592651445373553
ck_dd30558576b45e7b,1.1636850489824688e-05
ck_3a30132a57181fe3,0.005871630862307008
ck_4a733aeb833406f4,1.9071106734877504e-06
ck_1b0b7c3d35ab1259,0.010687546027336691
ck_962c3bbf27cd4b80,0.0002686068080400717
ck_9528e1d6b1707870,0.0038659255727394107
ck_b3263e7f31aab45f,0.004544550551503635
ck_e69195a3c885053d,3.893706064464503e-05
ck_a907fa8795cd4baf,3.291953570184991e-07
ck_205c3405045bd835,9.829299731531395e-06
ck_e81fc223bed3c46a,0.004851463290048769
ck_363751deae40edfb,0.0068444182727085984
ck_6176baea8cbebbb6,0.00011847460413639823
ck_633e6579f5c74a5c,0.26728267896787655
ck_ddc11fc481eef58d,6.639440099050794e-05
ck_e975002c979e12c7,0.002912474616393183
ck_8e039b23acaaac00,0.005414256403775602
ck_1d6990d94a4d2ad6,0.0010021743373056521
ck_e7b583acaa3171a2,0.0022395729604139446
ck_c0133f60d39b2fb5,0.0007998649739664018
ck_7d6bff85e7a694bc,2.34902054822152e-06
ck_d305b4d82f63f647,0.00010150956410913861
ck_22bd0fc71f95e048,0.00030035462948231585
ck_9a65fcfc7916f93f,2.6463487318483177e-06
ck_d61c837b0106085a,0.00020554313264643068
ck_be86a1db08dea456,0.005271814221206631
ck_90489c405e6886d8,4.7145318890513066e-05
ck_0add2c321d579d75,0.038647735504902525
ck_482dea6eed92cbbc,0.000778200387611864
ck_c24b47184534cc2c,0.9999687395840454
ck_fa04ac31e596e7d6,0.0003285271888670991
ck_084322dc5a3a86f0,0.0004862690259813295
ck_ccb72a33cc1877b7,0.00029984289693195593
ck_afaf374009d3b248,0.012123952774728348
ck_b53084ffede19a8e,1.983643283505703e-07
ck_4760216154c8cac2,0.9874392889219694
ck_37ad3a65db673e70,0.00011566014455511361
ck_0c2932cc0d553694,0.0008991451418473861
ck_86b853c52f20fef5,0.00015359946886687735
ck_38703b7546d35a80,0.0014062500341765138
ck_218b7e6e6dbd2da0,6.094378474061086e-06
ck_402db4184982fdf5,0.0007516386723984122
ck_f917c82af80e4a79,0.00393483411892009
ck_3c6417a233c68c73,0.001309828220500875
ck_98068c397d70dd3a,0.012306215731528519
ck_b1cbd6679c0f8d95,5.286922890851367e-05
ck_9e962f9bb0e7bac2,2.1414542298840184e-05
ck_b08247c3ad567d92,0.24750317198572586
ck_3ef7a03ebb81cfe3,2.803530632531041e-06
ck_5d7ae0e3562e99bf,0.0021655302217337387
ck_c91a628236baf91b,0.024072966999023882
ck_7f8e816ca51755e3,0.24617934483730275
ck_5aadd286d188f5c3,0.00019083985523460817
ck_a037aff5f8128c73,2.480663038967028e-05
ck_5df6529ce8290906,0.00018755340547622093
ck_5f3609511443e5a8,0.0001819670167496407
ck_a6f61864fac3c8fb,1.540034234353542e-05
ck_2733fc6ba23ae46e,0.0007780195280459991
ck_22bfb9246646eb41,0.9668868430335229
ck_bfc2a57d8fd1610c,0.04856502105216032
ck_49839e761d0e74e9,0.0009329476383296145
ck_aa4ba931dd37481d,8.42900623624814e-05
ck_2f9fa0d61829f815,3.1133586875399225e-05
ck_5b82c774df10d49b,3.4793872479266413e-07
ck_411219470d0a195c,0.000799202052879458
ck_d07485ba10514a2d,0.6244038424168981
ck_219bef979ee21bdf,3.917148700708336e-06
ck_eb1006e7285184a6,0.00960992136878993
ck_fd242b18575e3063,0.0001877364175003369
ck_95188150ff059c70,0.010827020218843632
ck_a9ca2f447b984a6a,0.007457464808526752
ck_2dd39723c4088b64,0.00024470060023188144
ck_aa2b4c662ff213b6,0.0006650335941592349
ck_1867b1199c864db5,0.0016199779073422624
ck_850ec97a5a0dab9a,0.0002672282550315706
ck_562320295fa35875,1.0232418272207397e-05
ck_bab5759b07fe2bea,0.0001043531552764739
ck_b9f1465d803e57b2,0.007584975578969006
ck_8f21f2690c32c691,0.0026890948005333813
ck_df87d6f61a63eb21,2.8689271469815055e-05
ck_770475876d0e7e6a,1.254669973522981e-05
ck_b4c014d5c0cc9eb2,0.0005690923399726579
ck_3add4d23124c9290,3.784514100096653e-07
ck_bce5b7fecfb6264d,0.03542268013467566
ck_604c17cb97dc89be,0.02542481385813647
ck_e52cbcd9aafd26b2,2.6886586546383057e-05
ck_0ac9114076f5bf3d,9.835666506887204e-06
ck_dcc125b178b79566,2.3178533245169325e-05
ck_4e333c09f0c37dee,0.0015678681441428917
ck_ff7e31ff8ba731e5,1.847683652817416e-05
ck_8d0532d24f1070d1,4.066847773910543e-06
ck_3689fa41748a6f6b,0.007423571155967611
ck_7509eb97c1948b16,3.6631835770036486e-05
ck_a9161cf1ca22a6bf,2.3642733508768656e-05
ck_bed3e3db135b782e,0.017770811324799237
ck_9040edd974ef8e3f,0.6554122241598553
ck_fac32d76ed40f683,0.0007195996905599981
ck_3d7b1078e2d57c69,2.656745744875105e-06
ck_dae09c4e074af5dd,0.00030633170436402513
ck_fd84507228467b40,0.0002479537940538376
ck_e2a2ce9b8cf44c63,0.0002565952934444886
ck_cbe716f351d660d4,9.695665530464857e-05
ck_cba4162ef29a6d27,0.001011962204234624
ck_4f1e962ff8a29732,2.9905461737312948e-05
ck_39a81899dded61e4,0.0003941968470792465
ck_25382331551d22a5,0.00047121578751335957
ck_6d64e1c07b19856e,5.3158914696900344e-05
ck_165a868bdef28ad3,0.004944705407615455
ck_88774ae52e30e877,0.0007326193836678717
ck_fc7a9d0643570053,1.2311146651885221e-06
ck_c2017120b3b88a46,1.6268536801551188e-05
ck_d115ac6b9fd62a7e,9.13751361796104e-06
ck_439cf7d51ec7de0f,0.0002017059216425909
ck_2468a7e9e68a0927,0.00011128180675609526
ck_7c418947124dee8f,0.0076957384854353305
ck_fb0cf32c4a56f740,0.00020007870815083636
ck_694eb6c43193afd4,1.3483114821192323e-05
ck_993beb188dd4abb6,6.790069544106628e-05
ck_77fa39d3b733c226,0.008789286202996746
ck_49969a9abc47cb69,0.00013101011141024963
ck_d3f44bbe2f7e9b2d,4.6314911879773274e-05
ck_fcf5b8216d0c18ef,3.1014650686471863e-06
ck_daefe1e2d2bc362d,2.331987832543225e-05
ck_9c9287cb28950eb6,0.0008106700879304458
ck_c1d1a625b885a975,0.00016793894258417276
ck_71b37fe47490b4ba,2.0674118700247426e-06
ck_5d16e257c0635f7e,0.300325004181886
ck_15918075563eb074,6.115126565946191e-07
ck_9a15fdefc47e8d11,0.0004313080366300354
ck_6f04d047d1dde75e,4.943680841778215e-06
ck_1af2c0b3b8d202c1,3.3065336022404775e-05
ck_174be2231c5fd2b6,2.6604145144558656e-05
ck_bb0713a2a1d65982,0.004897260215663934
ck_0daec63bd5b0729d,0.00020034503771412294
ck_c0b5cc3e8ad2ff44,0.00046209989488308977
ck_35bee1fc12664644,0.014293335772621154
ck_a1c7cf63467df4c2,1.2378527081521547e-05
ck_ecb1e15f0b185ceb,0.0005595153037015205
ck_f280d31f54a4710a,0.00016514223366113565
ck_30f4b2ee8abe1342,0.9110732697315219
ck_66bed631354de5b7,6.17445304090026e-05
ck_c2d3ecd7278eba2c,1.8880666078547152e-06
ck_e901dec0e09eccbb,7.127168803373862e-07
ck_5d038ecb3c8748a3,0.00017293070748058474
ck_283c5bea94b21e80,2.2993268641233785e-05
ck_7956c251b85f009e,0.9927674533741334
ck_9f5f81d771146aa1,1.6007027698271202e-05
ck_9323e6fc1e168eda,0.8931646743351876
ck_10495d3a635b8d69,0.0057466757839527245
ck_1982d571cd36eb0c,5.199352811497013e-05
ck_4f5d7985bcc2eda4,0.00022527866523170043
ck_7df526b2b4410bb4,0.0067579037842771805
ck_dbb498b1a346a402,9.693297673080858e-06
ck_ef059997563e3330,2.6404402684024228e-05
ck_02ec4e06709e6b82,1.731925496263247e-05
ck_9782c86ba6485f88,2.5060713647663588e-05
ck_d69de468b44143ca,2.144680281978951e-05
ck_6430a8792f400e0a,0.000352013822588853
ck_8285bd3c90af94f6,5.210784297943863e-05
ck_985c9ca112000e9a,0.004732189122667387
ck_e679fbf4f4f4aa07,4.032784445005438e-06
ck_016e8c8eaf9d511b,0.018401699976114717
ck_bc996c523944644b,0.005743015680495179
ck_5b8315726f6204e0,0.012302741049388858
ck_78181f8e998e442f,2.1450000823002083e-06
ck_71c68dfd011dbbbe,0.9206534530259752
ck_db32c95ce2b6f502,0.9630362702301881
ck_755010362a9b1bc4,1.5185878022428507e-06
ck_114141d85256c9ff,7.327012379150171e-07
ck_9d1a5cf5a3b87e48,0.0016247518923615803
ck_ab640420858ab5c4,0.008161637067004283
ck_97a8dac48dd62488,0.13868191509187905
ck_879cc3166fe1bada,3.462262456851294e-06
ck_b0ed11080076e381,7.952619078534872e-06
ck_7334a9ec656263b2,7.941410967669863e-05
ck_6494f0ef13ce44d9,3.3750631802143573e-06
ck_724e459b9ece38f4,0.0002924221229034575
ck_7fd8b1470401695f,0.9610306512731448
ck_292f81186358b0fa,7.798614692865174e-05
ck_fa7de64d37287615,0.0005204446393864647
ck_d00e09e66ed6458b,0.01149360111519085
ck_b8d210e741be186e,2.1700167039372476e-06
ck_3db59982cbae4410,4.430237624031656e-05
ck_69887d0a9aaca6df,3.422521071937337e-07
ck_4feb21e2fb0b3977,1.483040008838534e-05
ck_08c6cc1e143475e3,5.806671533907757e-06
ck_fe6e168cdbb46b9a,0.0022320994504336994
ck_07f1734be7fac56a,0.001633189736984446
ck_d66d59981307db93,9.524566394877167e-05
ck_f928dba0d587d7c1,6.046568897626737e-07
ck_786448fe3004cbd0,4.630667043668153e-06
ck_29ea329fa40ace62,0.00027426129555409827
ck_7ea52b6f27edcb73,0.000162519981559223
ck_18bc51bbf3ef198e,0.004154920446259204
ck_44950df09ff14ded,1.8835850720002595e-06
ck_c1466b52c0a10b93,0.004493334787711938
ck_6cdac067cc4db5c5,0.0007251337268058929
ck_53f55c6e8cf2d432,2.5848330167719937e-05
ck_95945f48453ca532,0.0005209477718520823
ck_87cce4126e215153,5.133744660399485e-06
ck_1ecd5516c92caa4f,1.9719973881914923e-05
ck_819b482bca14c068,0.14368250066578442
ck_a61a879dd46fc9f2,2.8210886488484486e-05
ck_af70aa32c009c3c9,0.0003513626910841042
ck_f4fe78e249092ab1,8.930763009668244e-05
ck_12c46bc52bf45b36,0.003510356576557853
ck_f05f5e4b40afa52f,0.01504963082378607
ck_0f8cb09d3f4fc980,0.08333830993862254
ck_80a64a7f0275a71d,7.712869916965847e-05
ck_683af7b1540a0b22,0.0001499912515233056
ck_51fe0b613c076cbe,1.2854942666249475e-05
ck_da1a2450219dcf19,0.0025594925040980025
ck_2a7eba01ceba6c2c,0.0019958818419611945
ck_4e329e29dfa743ea,0.06411638413206912
ck_0274d881d6db82c8,2.8458770733053928e-05
ck_0af5b7d128035b35,8.779293043881179e-05
ck_ae0a7be6b0a0ea68,0.003180446910037567
ck_de5bb7a4d091386d,0.009757808454817194
ck_2bb7c17168a9d17d,5.301492948992445e-05
ck_0ffdff7b2f5fdfe4,0.00021010377029913015
ck_718a8390b3d42d7d,0.0004540515283813956
ck_7c4f12d70f184533,2.7777304238267712e-05
ck_d3e2c26b8adff099,0.0005416451175919004
ck_ac9d3d9754104cf0,8.827676314470376e-06
ck_3b1766a1d51f8f0e,0.027378395266813516
ck_a9bf75bea912027b,0.003324390634271977
ck_687eab3ffe1f8cfa,0.04892331681026724
ck_25dd0b02af5b2f37,0.001240267968767698
ck_1747fcc466f0ae38,1.2245272174184228e-05
ck_f6e9d14dfb6f3c28,0.0003446514799880864
ck_c6a7bbd0adc4d5f3,0.01933460786736698
ck_46656a23f4456d22,0.6433758793579286
ck_7519260415c2998e,0.00013542355774830205
ck_754f30ea19df857c,0.006961199256357812
ck_ba88a244d5f7380f,0.0010934963007440655
ck_f268416945316815,8.067025454721143e-06
ck_21860dd2159dff28,1.9861240796933905e-05
ck_7a86ef4e2beaec38,3.3108121338571605e-05
ck_0414507baeea936a,0.0006445189292646173
ck_60796eb60fc3043e,0.0004591473102531369
ck_1e0841ed17fe0562,0.0004707687733578901
ck_0d641d32658d6e0f,1.395186450775006e-06
ck_b36086ae6d87eec1,8.742907380538351e-05
ck_962e65ab33b5c311,0.9987176094758966
ck_b046a42684468e63,0.0010176560148930404
ck_ab3426435b0017d6,0.0008431800120322328
ck_fcfe06e44d09a344,0.003364228464540755
ck_0f6d916c92189516,0.00017465138623023928
ck_d4c8f0d957c3965d,3.2451489793625896e-05
ck_2ca83dbd728af019,1.9163884851938444e-06
ck_2857a4ce9f72fbfa,4.2550335018253554e-05
ck_a60e6edc48e3d0ac,0.04461979390378532
ck_0cbd3b27063d4415,0.00411504212100089
ck_612089ec90c37219,0.0025574828479084898
ck_ec4e597f17f473c6,1.4941699614857349e-06
ck_1c93cc58f314bf71,7.394080081539707e-05
ck_2b359a979520276e,0.0001076533223581575
ck_1496568ddc3b2d56,0.006424822044717807
ck_41d91dc9f5063566,0.001988563150956129
ck_4c5ff58afe3d7a67,1.8243480331383676e-06
ck_81709736281fa3eb,2.6017514488038942e-05
ck_d89abbab3d4957aa,0.0003106327013113215
ck_52453401f88935da,0.0003560547395817443
ck_a477654d34783e06,6.7798649674314444e-06
ck_72dd0dbdf808cb00,1.8743757916334876e-05
ck_c183dff3781746cb,0.006955587318428744
ck_c8b7f241810b45e5,7.028325784462649e-06
ck_f88028c3f306bc70,0.0005421944447917965
ck_91d48d69e4f5d9c2,0.00018003618579036457
ck_b74b9ba6d7c9aab7,0.13354424289737477
ck_03e904682dc73bba,0.00016937569387456654
ck_fc6fed6ea96a004a,5.150630584425157e-06
ck_51efdd240e34c642,0.0026205671132417813
ck_e78ab4ff52b5fd2d,8.039169669945858e-05
ck_4af7b97c24d89a45,0.0011601319019052736
ck_295c0072eca7f7a2,5.300294847923274e-05
ck_8abd1a50a9227463,0.03743923653755815
ck_ecaa6f13304e3dc5,3.5030590440394722e-06
ck_de436e7b319be1fa,0.999998263065645
ck_c802cf8f61466027,4.052354586756414e-06
ck_3d83e0a3c1cfbf8b,4.061514637099755e-05
ck_28d2003c2d16e4b6,2.3291206364743122e-05
ck_8ddaf745bbb9cd62,1.1584354229586796e-05
ck_493b6256091014cd,0.004647401210934763
ck_a2245822cfea997d,3.616577022558292e-06
ck_f7305b3c64cf8a03,0.1897728527229913
ck_9937dad93a0ed3c1,1.968923906672834e-05
ck_d654449f9231ad76,6.418082003943645e-05
ck_850e2b59bc535490,0.004587112141635815
ck_e55e5bdfc0242aef,0.0006183448229116262
ck_d35c51e981b98c5c,0.0020297511999344737
ck_27cdf9c5e6f0915b,0.0002775782502132105
ck_d328db1e1052d820,0.0010182179135387066
ck_0ea30eff5f361cba,1.0318902006564076e-05
ck_9994323f97109f4b,0.9999711024476967
ck_09054e97bdf9624e,2.458537851340624e-06
ck_723b4afc388113c8,5.990654677730401e-05
ck_588f6e6a6a6d93e8,0.00047263649826878666
ck_e1d563fab4d6116a,8.363943341103821e-05
ck_53aca610e20598bc,0.0007024309432871648
ck_c8131ddc7ed33448,2.880538201181007e-07
ck_899f88464305824a,0.000690763854004055
ck_1c17c65804f8889e,4.0788284680263016e-05
ck_45a16ce12893cf9b,0.0005657992961829166
ck_f9d481aa4f9b2808,0.8243457943074171
ck_1d5d74169cf892ef,0.0025301707497862123
ck_aba32acb61c1aaca,0.018213413987514512
ck_ec4dd3675a8d28cc,0.00010110520915607244
ck_5dcd443fe0bbdeac,5.106931199652227e-06
ck_3a47e3f54475e854,1.4059662381021385e-06
ck_a9aa5c344c315532,0.00012931365410665218
ck_9652283c9f61fcec,7.401071266271691e-07
ck_752dd3d2487f78ea,8.536704206723661e-05
ck_a821980ac4db9943,0.1303888295605361
ck_93e0d6befb67f7a1,0.007837542488872548
ck_e7a3881c3e36bd51,0.6765790635931781
ck_12631b78f8a03df2,6.825240923476144e-06
ck_57b8226610b48854,3.8776767511236955e-05
ck_352657008983fd4b,0.002426472083726165
ck_0841a5c24fd3dd28,4.1971914356198736e-05
ck_db9b9d5d30f74070,0.0002088544387679204
ck_a9dded7f6294e44f,0.007336912887479897
ck_91a16336ce3217dc,0.0012621312129723046
ck_371bd9388b287677,5.834183680437522e-06
ck_f285e5e1912a7c62,9.192382789428817e-07
ck_368b65fca69fc415,0.05099947424263108
ck_d27a73596b6500c2,0.0010735080075033954
ck_2d963f9b2c4d11e1,0.003323700068585013
ck_7c500e219af39486,1.6654333701613265e-05
ck_7d025dea5951cba7,0.00045356467645582424
ck_32f632706608859e,2.7463904067236202e-05
ck_53816231f3ffb48d,0.0007650247882543905
ck_9dbe184e81c1ca8d,0.011041691605047563
ck_d74123617f22a21e,0.0003359906429151316
ck_275386782b1606f8,3.5922227536441143e-06
ck_0b0e79d33e50cba5,6.061266500257526e-05
ck_ba93cb604f792915,0.00011104221910613437
ck_a86cd653472eccbc,2.0286304902795407e-05
ck_87771861e0447210,0.05949370564617257
ck_212380e0371d8a6d,0.00020851701225148433
ck_ef0d702d7b0ed745,1.5277267350228107e-05
ck_2b8f33e22f939372,0.9971311744609598
ck_480347ad92037105,0.0008871549795752748
ck_20124c3a16c53ce4,1.0837784769342932e-05
ck_c9e1e3229baae708,0.0002696397444756672
ck_b1befe967f7a5ebf,0.0008839269548040122
ck_4672167d7c989bbf,0.03857738137812796
ck_f0c44ee5e3a42e3d,0.0009718578563394933
ck_c416357d20238a4e,0.0011027066471769231
ck_d0f470f8078c91df,1.2009879997128443e-06
ck_3a70b4ee59084715,0.0014034733975378277
ck_179ed66cdfc1ce27,7.71336504274481e-05
ck_387e5a7f163c7837,0.0005308399343043988
ck_08fb463e69f647c8,0.9999978997209413
ck_732f725747393ec8,0.00025977836899957857
ck_7cc5e0fa3ca5a713,1.3727580171494149e-05
ck_ad4a4daa826ac68b,0.010553298069960334
ck_472e0be7a3b533bb,0.00034117209776973105
ck_7190177963eafdd9,0.0012863573647219262
ck_647ac26c5900f082,5.8947853121748115e-05
ck_272ae2179bbd8e58,0.000475951030973662
ck_09b0d8af304646bd,1.7958060725625855e-06
ck_ca0cc8ea9f344408,0.00047940548619960463
ck_332ad134fb909869,8.896618390862227e-05
ck_fca2798914627dc8,0.0006497562088264335
ck_4450b55f462ae134,4.945260991897214e-07
ck_d67d9dfb60b286b9,9.602317931095222e-06
ck_a9d2bb4f2bde7052,2.624190240459555e-05
ck_929bcae878a3ecb3,0.9807765388889156
ck_59a9e000fa275e1f,0.000485720576662046
ck_57f17254e2688637,0.0003074335971448655
ck_0508908697f60ce3,0.032402635042541886
ck_946afc2943298d26,6.412722832849483e-07
ck_7176d12b18f2cc0e,0.00016064300365265506
ck_5c47b49c26cce286,0.00045581419896635324
ck_b6a2bdb2d335e1d0,0.9999987861890373
ck_1d58f6caaa4d012c,6.268104130899857e-05
ck_71c917295020ccc7,0.00010559753782892662
ck_bc89644ae3688995,4.6809052341828116e-05
ck_e7c212f16d6df272,0.0031424233049249357
ck_c6d2e11a368184e6,1.208499869019151e-05
ck_eed7f1f7548df15b,0.000140564958179451
ck_75b69034000ca7bb,0.00013525702819802503
ck_38da3bf629458682,3.443628312050678e-06
ck_90114c891239d821,1.0774612977919022e-05
ck_8ee08f6777cc155b,1.1564622458657448e-06
ck_bd86132499defcd0,0.0001301689663729708
ck_b95fbf2b5640aa82,2.4923864404607752e-05
ck_c530235393360e3b,5.143495279379343e-05
ck_be52a7ec43241ba4,0.0009657284985251773
ck_d96eb3cc55f2772f,0.004471717296551264
ck_dd34f0a844fb115d,0.0674451216912062
ck_17cc7b411f448e66,0.0018679224045827715
ck_856ea65fa27d06dd,0.0004054549532582303
ck_056d5f0301c30902,0.07103843278384661
ck_e662b14b2bab23a2,0.13461738419900515
ck_209f574c8d92274e,0.01750579592992324
ck_62720b81617896cc,0.0001012471394977924
ck_041614694b77e599,7.070241470351826e-05
ck_461e3f7b97db8d16,0.0006494257845175335
ck_1b74b798eebeabdc,0.00017721453016989765
ck_0ed2739384f1d644,3.847576680043701e-06
ck_5a4d19f1b83feeb8,5.774742816711742e-06
ck_463937167965a1f8,0.0006922671518230528
ck_9d7151dbdf100e0e,2.869437960961282e-05
ck_20a7d1ce6cc27312,3.355887123655078e-05
ck_6031211ff118cf0f,1.2463677834617646e-07
ck_a6fc92aa91e99b77,0.985439254646354
ck_0aaaa9d2f75a0518,0.0015143284993887152
ck_ec26e327cc1848b2,4.842848698159693e-05
ck_0e6bebf8ae9b9b03,8.162281874442955e-06
ck_e107537a4cb738f4,0.00024324680138832985
ck_e8ea56e122a5a487,0.0004993428412997696
ck_98149ed45d38c4d3,0.02273792932103619
ck_0e719b3a6906b8f1,2.7440111072378935e-06
ck_0c6e7bd357e4a348,3.740472580811743e-06
ck_d3b2b250da61db19,0.9951266072525663
ck_8bb6b0a292754576,0.0010365135978482294
ck_87d70f5fe48a6128,0.0012457754315873795
ck_ea9edf9c107d429f,0.0006584009881702721
ck_059806c52cebe4f1,0.6168048724357245
ck_a72d6df666e1c21c,2.7725877829274734e-05
ck_1d2b80ab6c4944b9,2.1876637676449935e-05
ck_60557f077abc42ca,0.31968788891131283
ck_e5f5cb7dd6ce4a37,0.00044274992260558285
ck_4c4a939154446053,6.9991677496128915e-06
ck_50ede3eb561a202c,0.0002509802253837472
ck_6d03a542922b2ae8,8.572401258368238e-05
ck_d6fe761ed0db3270,0.0034972225918396996
ck_7f0cd6ea3096f985,0.0008533335320202247
ck_23edb6d938a3b87b,1.1095557824227151e-05
ck_799aaf9f2b9ef621,2.852843270151915e-05
ck_f8f6a03613b6dda8,7.1719028192519475e-06
ck_7cffb189f4f514ec,0.9997244550338106
ck_c081e1967dcd811f,0.0008468484045775096
ck_583d6ca78c97d91e,0.8060834432338962
ck_9332bbc7125219a7,0.00022651209007279577
ck_956b5af6d7d86c65,0.607560168949545
ck_2d634e3f24681c0f,0.020030480175786347
ck_7b35d218ed0c5a60,0.00020343718780543965
ck_ca5b1057f8248f73,0.021528813854364247
ck_ec5ea81cf813597c,0.0005055983121700784
ck_eaebaf4d28400fb8,0.0011253857799513607
ck_ae2ab6be219219aa,6.289506518766209e-05
ck_d99a8b4c820eb46b,6.92554369488803e-06
ck_bcfb7ffb7cd428bd,3.316192799110212e-05
ck_3dd542c2d31be2c0,0.00036384898248789183
ck_c7dd84401e29a7fc,1.742089192180815e-06
ck_c4bcc7cefd40f8e2,4.0457860412539176e-06
ck_c251898b5d51e3b0,0.00035473678728964355
ck_36d37be780c1291c,1.5423065536486513e-06
ck_99b4f266b61ae7ee,0.006388251283099913
ck_c37f03995f0f0169,2.6475369457652974e-06
ck_65a23ac8e44eb901,5.909395651896602e-06
ck_644b1c1149eea9e0,0.001338358740603598
ck_9cf44eb0237c2429,7.410304242188864e-05
ck_20541686a94fb71c,0.0018611876412868535
ck_c18245be844680f3,1.7381059816913424e-05
ck_56de216eda6b7fa6,4.120026571678082e-06
ck_406c4442dee45cd1,3.5950443046869815e-06
ck_df1585c7d72a96e0,2.668300810467186e-06
ck_b8e8dba20676d87b,0.0007334313278881136
ck_0ee6965e68efc177,0.0006198470428970201
ck_c2a5c54ad8d0d297,0.0005568176439542298
ck_bf6fb7e6470e95cb,6.943800105795417e-07
ck_27fa694569140345,9.011640015474056e-07
ck_e04166b0ce66393a,0.00016710794400459235
ck_8742114f4f0cb22c,0.008627713571308494
ck_6eceeafd56b42576,0.02221222115787019
ck_34f9951b0eca1965,0.0006673329160473645
ck_384ccecd342a24ad,7.236969067658332e-07
ck_49c98bebd1338879,2.6353632878499857e-05
ck_6c26c12071c91ff6,6.9409257981312805e-06
ck_01e5986ebb9a78f1,0.07715738117723955
ck_121db7ba3be29ee8,0.00016111402408616903
ck_039e6d5a330cea1a,0.01893481493636632
ck_ae8c9163cf957d7e,0.00032740972759964657
ck_3f5e8f3f1df0c8c7,0.0017194424951961545
ck_b1c51fdafcd80122,0.01303707624105679
ck_12e2b5ebfe8986b2,0.0006205360225127821
ck_d55eb81a4d543c59,0.0008739760366554583
ck_f85155ca5c312c7b,0.0021357268185294882
ck_133d8a1ac7c0e301,0.9993817305922104
ck_04212a9bb9b28696,0.9999998017271969
ck_4cc11c7d3ca61f73,1.6712919021538022e-06
ck_2df4854186ec515b,0.00035109586048524724
ck_aa9b28e7fc43af79,0.7917261616798816
ck_47cad6c3def4c9e4,8.006526972416073e-06
ck_fbff7b5da8111567,2.3099386853493375e-05
ck_bd25ea782e375b22,0.011177518171804138
ck_7989376f8cf64a9d,8.481502937178133e-06
ck_675c0ca1ebb1051c,0.00013213886709375914
ck_1436f6e11d4008f9,0.0017861485346736309
ck_812cb3a4482cc618,0.00040941172735625816
ck_6e606f73a1094afd,4.0834104923206004e-05
ck_1b708e2a4a0584dd,0.0005415876747516024
ck_a60d6b324bae0330,0.0020533574114664586
ck_706a4f673a9fda3b,0.9506946401780022
ck_a75ece9a9044eed0,5.1233802636006065e-06
ck_9aa45c4e03c8c57a,0.014583628230718843
ck_9fe9bdce982b312c,0.0008209116361312667
ck_c6fbdc5ba68a8466,0.01198098877494098
ck_ed0cc1b1c28f9511,0.0025493108984512157
ck_a4e2607b4c8021e8,2.481372572909083e-06
ck_e02f93f51cc8caf3,0.0003713383096611717
ck_7084ed3cf20781b7,0.0018768129276080872
ck_cd4c63155570d6ea,1.0912176518499258e-05
ck_d1b9e5d32d2d789f,1.644513841206346e-05
ck_68f56f6560a7a933,2.7517457015776234e-05
ck_8bedacc6233c6269,0.0006034483449329716
ck_ab7cb50407d6b13e,0.0014749630626904396
ck_f17ed7e0fd687742,0.05798588458113888
ck_b0fe4b92fc70f72c,0.0002633776681677756
ck_84d62b8196da2452,0.00011718754719404211
ck_9e298cae167f4693,5.83487295922699e-05
ck_405b20ef9ad0ba5f,0.13458461507772326
ck_813e02e1ababd177,0.010184184616016907
ck_f234ab47061ba7c0,3.8503976298267436e-07
ck_22b587c18363899a,0.0020162346742217275
ck_4e862c2f48c38aeb,9.929482148327915e-05
ck_b89cb90a420c9075,3.9204205005654834e-06
ck_be2251640f27a3c9,0.010762132996701236
ck_46bec0bff167ed3f,0.0004066015882934562
ck_c0032232c2868328,3.741213908002871e-05
ck_030cf09525dba4ba,1.999638770621365e-06
ck_6ecf56236789fc09,0.9997317555366143
ck_38d4ed52cbe6d123,0.0027840821472312977
ck_2d923d957ffd4d53,0.00022073601068034083
ck_3af1eb88728ed8c7,0.0003279237278389446
ck_2f8120ca80a1592c,0.00013336631602559444
ck_6cabb1a133f0b151,0.0001626551945714631
ck_bb6cf7e7b707731d,0.9703876654160689
ck_c8307fecafa90140,0.0020862703709069166
ck_75f968be67f46d24,0.0005013950672622218
ck_df6fe4ec5a233213,4.236115821534766e-06
ck_b53e88c0e927d896,0.00011644318296806662
ck_f0093064aa28f4d0,0.00023803120046369283
ck_ec9976cabc63ff92,0.00029036994268695195
ck_30dac0a58c5590cb,0.0008844188078206956
ck_348a525791ae6475,0.006309165078631588
ck_b898d912d1181ef9,0.00027941794724110024
ck_f5b1200dc6f95760,0.060332076625150936
ck_54978a073e7a0b1a,0.00012555178702798204
ck_55933936536a4071,0.0003398517826179836
ck_d6ba7ffd2ae08863,8.561804880774389e-05
ck_404e2217fd87fdd2,3.2940176155203838e-06
ck_dfaafdaefa5716b6,0.36219842015945625
ck_556c62e92d4e7e5b,0.018488896470235425
ck_7ce44f4e06d58111,0.04601093299123746
ck_465cb8ce232c7670,4.199291277580317e-05
ck_237508ca4fb37268,0.00026892981994668894
ck_ba4a6b9aa63964ef,0.01761432120570125
ck_4802a0a7a1882c88,0.6828453669015374
ck_9478dfe4114c30f6,0.00021270981807649213
ck_5138f6c575dec64c,0.004257586295384951
ck_aebb42afe430e2e9,1.2269804304444673e-05
ck_004efa95555437e9,6.898037438002093e-05
ck_11af112667c98394,2.1692987611742213e-06
ck_44e9a18a8645c9d3,8.475922939222458e-06
ck_2605fd571219e28d,3.9597806851492165e-08
ck_dfc933493561d84f,3.960471603340707e-05
ck_67674348e68d1f25,0.002652077789944749
ck_dd97429277a2fa00,0.0012427617171468434
ck_d3eab7a06eb48348,0.0027623852126413477
ck_0b9fcff9667ec05a,5.163936972015122e-05
ck_fc4bfd6e739bddea,1.1784013007772564e-05
ck_43292f70a03ddf2b,0.009981357070024746
ck_5ff6108056a3fef5,0.00011698170455025825
ck_767e0be086b5f601,0.017683101497660184
ck_b8465b1a5666155b,0.005666829927161339
ck_ab2e3fc56f5b3aae,0.017254677728226205
ck_1833c81d693c1e07,0.9999817901170185
ck_0308e0602b856445,2.1023336931608464e-06
ck_ccbdfe744acff8bb,0.001656714050020536
ck_b294aa27a0b586d7,2.6412689911616684e-06
ck_a3747201f377626d,0.999970520174301
ck_edde1d7d1db24725,0.003383878148831325
ck_ae3b47d6e1063704,9.577263658051171e-05
ck_3aabf5e0f4defb41,1.588498304736435e-05
ck_f034adb57391f3d7,5.265364975347493e-05
ck_533672fb40531607,0.11161775258982859
ck_2a244f1ae08ef83c,0.00044733919418782266
ck_a35d81bcc54ece2f,5.948626949781364e-05
ck_78a61215675b38f0,0.0002883950774992717
ck_e013d88ea7939616,0.000853519816860919
ck_e5018f9418e0102e,0.03714000832422484
ck_d4e024fcda401a31,2.2539968095549826e-05
ck_f736cffbdb82db34,1.4964359913560134e-06
ck_1507f5aa50cdf3a0,8.883028830646815e-05
ck_18270fee7c8fcee8,4.922805365501525e-06
ck_95ffa1a805a1c9d1,2.5849479907534356e-06
ck_11132d245b94d045,2.3838622244035243e-05
ck_7b93a622e40d8b14,0.25158973282445374
ck_3854c08d17704347,0.05280978453469856
ck_7717fcb100dc4b5f,0.0011906929334819438
ck_ba54e0a1c328119b,0.24972088211159488
ck_a7afdac4ecbf2de4,0.4765117068365811
ck_ecfb771ed2352085,0.00014460519711985604
ck_68be4fefc85a6b64,0.5748762381966265
ck_dac7c50bd6d0148f,2.5506057620217375e-06
ck_87cf36a03bd63c24,0.0353240830805937
ck_8adb40b168b59d7c,0.001095218797441838
ck_8d2f62930777416b,0.011921154360273615
ck_9958b58da9e3c21c,0.0008612674278266876
ck_9440335375701f44,0.0004177390666075763
ck_e2f88e202b6f700a,0.00015026446504554542
ck_4c7c50684827a2cf,3.9870899106416986e-05
ck_8a6ea4a79b1c7a8e,0.0003568458947117893
ck_186dbff4b24a3bbf,0.6199747767961905
ck_220fda3c11c59b6c,0.001179862507213712
ck_3acccc69f8b1fd14,0.008268885734092504
ck_9de191bf79afd676,0.00022440709277553317
ck_6de6b1663f9457f4,1.3790636372362997e-05
ck_062754f8b79b86e5,2.066772912558041e-05
ck_aa153a89a52f7eb5,0.007363478841550246
ck_34a6bd3be642f15c,0.0003817507310570821
ck_9371c700d9830326,0.00013926369931085422
ck_a99e0c258ad7576b,5.444029337855323e-06
ck_0a7ba51d626e932a,0.005880589665429588
ck_852c50bbba1ead13,0.28570269345171967
ck_43dc13b6b6d31297,0.08675221411049282
ck_7d81b59d615a6649,0.00912070977741647
ck_39a3f1da060e88bf,0.0009630563705979041
ck_6fb2d142c09ed3ed,0.08429938550528782
ck_6e5752b87324b58c,0.005384201692239049
ck_9441d48a12e8a4bf,0.6545696346178638
ck_09e9c51eb538b255,2.2554164219906944e-05
ck_8d0cd981ed3a183a,0.008778906022783606
ck_57c07c45269ca8c0,1.075976630826103e-05
ck_ccfc9ab888ba933d,8.995665253350365e-05
ck_9658a6ef471053f0,8.615742288923725e-06
ck_dac3852758f4ea89,1.301721001410846e-06
ck_b1ed2278f5f14d82,0.0007516696753036751
ck_333544d173524f70,0.0006933217627687574
ck_fd4582e3853ef23f,0.00023272785921830722
ck_614d936cef98db04,1.8885564618428382e-06
ck_6bc351a3d57aac54,0.00020901401493766375
ck_af5842fa7202ff25,0.00011410515311340392
ck_81307759252571be,6.677689025527408e-06
ck_b4d2f02d2cd45720,0.20857305557644157
ck_1bd753a4681946c8,0.9867819155431778
ck_46d8c029d46867b2,1.2979660342576037e-05
ck_b7da6640fa2f49cf,0.0016925211827618386
ck_9ea3d5a5a91fef9f,0.008935445277963017
ck_7b922518f667f76a,3.5246077797374418e-06
ck_2a5b31594206eb30,0.9696930717143988
ck_d9506476ad3f9e08,0.0004954312032761365
ck_c8791f7ebd4d93c7,0.00018341887809134318
ck_b5a3e20fd210017d,0.0022877462687693356
ck_8e54386f4fe22cad,0.0008083137917355022
ck_75296704f5806f56,0.0007825138894412547
ck_0fbbc7a6af300368,2.248511718874688e-05
ck_d19bf4dc0627113d,1.3274350361990714e-05
ck_7951bd4eb99a0175,3.460915674729671e-06
ck_059e4fac6b7f704e,0.00010980422026356624
ck_2ce8931af02a2ce3,9.871982767705344e-06
ck_9e665618a4860306,6.11670062861699e-06
ck_6fce5a893613fd2c,1.5286811394371406e-07
ck_9e3fbd04e3532f32,0.032826583902196955
ck_55f2ef0de3420e3e,0.0002699797216202038
ck_8d87658a6f5d204c,0.9437906453207439
ck_6d6ac1f5dd882aa5,2.609226923399391e-06
ck_55d0c7012d7ef236,0.008824364772458442
ck_7738eb085e5753d6,0.0015093422783626997
ck_0e6e05c3cc8c8242,0.00030417705064022475
ck_8d27ff8383d48132,0.0002026780986170494
ck_9afc3bb849f3a64d,3.4025710641168334e-05
ck_27eb86a9898cdfe3,0.0005024409904617426
ck_1d40e4fc541abe93,0.006143008183509555
ck_4fd9dc00e1913587,0.9999709893837725
ck_b26cdb2b7b165d2e,0.001085186793529606
ck_a79a27767a02e31f,0.027077807139859394
ck_f0c18cb9f951a71e,0.00016564203273375654
ck_50460e0189de6274,0.9981372534342443
ck_5e5280539257c986,0.00020903256948768875
ck_eeb854318b3a6f0a,2.1001438982151452e-05
ck_943f66f28dd24750,6.429676790916431e-07
ck_984dd7452aee372d,0.03466916152021049
ck_ecaa6de0aca5e9a0,9.638123394090378e-06
ck_8f1cbc432e2774f8,0.00043234740053804
ck_d91d9f8445b9769a,0.25406644299370196
ck_73c18e03e3c7612e,2.602116216985642e-06
ck_aded05ada490da20,0.0021129284118270512
ck_f744e208183971f8,6.276921647538117e-07
ck_02d4cef6358ad3b7,0.0006104645245921494
ck_08ff5bd467226a5f,5.831349153042147e-06
ck_f824b326d5089885,0.8117979622154211
ck_3420f2fd520890f3,1.2374817076090347e-06
ck_1838cf8d00f5b1e1,0.00023603957782566035
ck_a85182ad90b6f1e1,1.3638005554339807e-05
ck_fecb39c82c43e76d,0.001127381129949337
ck_162513e73782929f,0.0003042632008388189
ck_2c27b77c59d8f23b,0.6457050295659887
ck_4221e07b17388fd3,0.0016132832626122961
ck_adfb8472d5c3d669,0.0003286041428276407
ck_0742fe64055d686f,2.0479451991190497e-06
ck_5060aefcc8b6f958,3.369127259116493e-05
ck_643f549b4ac78a26,0.18964214350723332
ck_dba767885bd6ad69,7.049830480613244e-05
ck_0dda35c0c64c7073,0.9999881290968705
ck_38ea56d43afa5660,0.006390133523971768
ck_d813e15ac91f487c,0.15714438137169667
ck_4c840e5585a7b167,0.0004787019099490561
ck_cb8551453a7bb929,3.315102290877548e-05
ck_05a00b1dd5a03359,0.00035636951071072137
ck_837cc7fd48453a01,1.100298992349942e-05
ck_49dd816b31fba6b6,0.8686912760401664
ck_86a61d9a39768e87,0.017711952786107776
ck_cd0e76f0e7bb38cc,0.00335424169045122
ck_dbe58392635133ca,0.00012054077011044345
ck_3caec7dd6f8d02c9,0.0023157289277355797
ck_bfd9bfc5b6ab4a54,0.49713487620063096
ck_2103399bdb2898a6,4.45836932289521e-05
ck_329f7de7279e74c5,1.0300132117418613e-05
ck_9bf0d28119fc42c8,0.001326444098874934
ck_f781539b1042dc83,2.5792991716181092e-05
ck_9986c7d781ac6b4e,9.31382007467375e-05
ck_a627734880aca848,1.164213118030332e-06
ck_2106e509d77fdb4a,0.36400557135328326
ck_420d1a9c604293ce,0.00026938822305594824
ck_fce0610c527e2b56,0.00035973386033959947
ck_073da541ec3f9d3d,0.005142421700807637
ck_aa5f3ab48c17fed8,0.03495155536959305
ck_0fc1086e1c9e04b6,0.0001296026821014695
ck_5c33bb46c1a5945b,0.001028421032373702
ck_500948a8d4bd8e13,0.00022508267566466624
ck_19becd44f2c3d2b5,0.00012234855751854168
ck_7d0fe77dd5ddb656,0.0027104253833114497
ck_f158d9e5f101bb35,0.002782441796333244
ck_cdd7c77823c2257f,0.0015889595262111949
ck_6c7b41374f9b2e55,7.607777689377548e-05
ck_417090dbffb1a63c,0.00019690734632929103
ck_dd0e17605f970319,0.0005333612736939973
ck_3646515079e6be55,0.00018954016688611756
ck_89c8b06aa8c84b2d,0.0020853892891766123
ck_e4d6dedd97233c07,0.0011022710936072306
ck_bc82fb1895fddde5,2.5859359616025686e-05
ck_88a8b1d442ca3686,0.004621005975051073
ck_5791f8f76a629a4f,0.20677093111573708
ck_9cf5e88e97c8c7ea,3.624721348229546e-05
ck_58fd684aa5a6f289,1.0342425845392395e-06
ck_9800c21dfbd8e811,8.739711986843095e-05
ck_8ae64df60ab6ccda,0.0006270718642864632
ck_e535fb0f0c00418d,0.004098878459822443
ck_48011996d54855ac,0.4958208366111183
ck_ac79c72a8fe3fdef,0.050714338523047485
ck_b8cc2df5192bc49b,0.000725613076697036
ck_e96a5e1f08f8a867,0.0003827227995415257
ck_84df6770549e43fa,1.432011470704748e-07
ck_e5f7b99ba6ec5767,0.001707171021841176
ck_8347455ab53ff620,0.0003447913708270495
ck_a84f2cdf695a71d6,1.1583126046285228e-05
ck_90456160115f9ef4,6.9737973916636414e-06
ck_ebd178b3f3a9c50c,4.78950460690708e-05
ck_e1140be6157bacbe,1.0209465556532919e-05
ck_744ffc11d32b96bc,6.219586493763724e-05
ck_e12a9f7d027e3387,2.2990084589974014e-05
ck_cbe525da0b69f18a,0.006622892036438362
ck_aa59702537557ff1,0.0019608019292644786
ck_0348cc6908f7f3af,1.712083403095787e-05
ck_120e995d50956bee,0.008228882609098407
ck_9fcde1ff46cbbea5,2.767776443102816e-07
ck_54b0b070689c50d6,3.884045668427285e-06
ck_966a167758fddfd4,0.002722694601281726
ck_d5194f2e92fd6427,0.00011772601482093967
ck_2ee84f3fa27f2cb8,3.0089037937233195e-05
ck_57d0a7eb7eae2eaf,0.010108733318155193
ck_6a2c4edd82e10969,1.3215537714722155e-06
ck_96e4d38ef670eaff,0.0005024767473382936
ck_52cc2fd5095b169d,0.00011931686536684007
ck_4b088920f3a844c1,0.041802984754790794
ck_8f3ccbd20d59f1f4,6.084235566815187e-06
ck_e5e5dc431bed6f9d,0.00015900137598662796
ck_e8b5bfa6838e28d1,0.00014745848411381845
ck_4bfeb78b47b7c6a1,0.0015176274906362104
ck_a705c61bd679496f,9.239596480681255e-05
ck_731869a0c39cb2fe,0.0016954470745152207
ck_259eb102342057ea,0.00033665706705580093
ck_47a6005fabc33551,2.303019781979713e-05
ck_682262b455a9edd4,1.7445139846163536e-05
ck_e839d104854945f0,3.1963676661808466e-05
ck_761989aa4c47d746,6.207291605243127e-06
ck_44211dc210139ed3,0.0005590084126325973
ck_9915ceedf63a5289,0.006619668297757988
ck_da59ab47cb6284ad,7.908664203776512e-06
ck_e5cdbfcca2456652,0.0035253884897036123
ck_13f2560c6a1ec62f,2.4390773753671293e-06
ck_a0543e9b3abe1001,0.025923007575625674
ck_11c7a58e09e6547b,0.019301296375792587
ck_69587a134d43a4ad,0.0781729611471143
ck_28dc0de0ae291f37,0.0003576587555555125
ck_298922703c5bbe05,4.333679151931567e-05
ck_fa5ba9ed9ed6a343,0.14499468490782466
ck_c08e64d424e56c05,0.0004483575180865365
ck_598e036a28262aeb,0.004670890345038875
ck_3f7c870510083a51,0.001348351098836443
ck_364f8203a3e98d36,0.9855169430266056
ck_7333cedb61506ead,0.0007551069096468268
ck_1d96d7fd65f208b2,0.00039061137252276987
ck_63133a79f23e2627,0.020046851557521686
ck_901d820e0b72abae,6.819668593207826e-06
ck_5dd80b3c01457bd8,0.0005780386044365714
ck_c0b8067c144ed6c1,0.0001206201265842832
ck_cebb8aa8c8f62c60,9.437949737773074e-06
ck_79749eca42ff1f5f,0.00046552693904494463
ck_2cc1d9b587f6da31,0.14032957742528404
ck_ccc7916b56d42195,4.0527356886774894e-07
ck_e43e53cc7b8b8e41,0.001218587076497352
ck_4ab74a6e7450416c,5.8935229137008105e-06
ck_6e44024e9de301c6,7.123596422334648e-06
ck_dd78cb6ae2866cc6,0.0011633063260634037
ck_c363d3b050baf3b8,0.01026579964227833
ck_2d46291975f0dd08,9.274119022294539e-05
ck_76ebeb5aee42f041,0.035265694302824155
ck_8395f004cf4d4c08,7.678650605334528e-07
ck_de7259c3741db179,0.003460610324437996
ck_3938e92585df2b34,0.0005903951418408817
ck_af69bfcf4f07d932,0.00013178179457988578
ck_1723900ab9afe374,0.009193395515987758
ck_3d58628d1c853c8a,5.098073212684056e-06
ck_12a074db100481cf,0.009684541471674265
ck_8716cbf892c50e29,9.541236500537765e-06
ck_fbf7351958ad9615,1.923022212379416e-05
ck_a50370907e6b397c,0.08627715318392566
ck_937402a60df0821c,7.29892167839642e-05
ck_8ce9c5807acbef48,1.3833958811341432e-05
ck_acf7d65eaaa4c31c,2.4942848807187442e-05
ck_ec3eb6dd0967cac5,0.0013027322462001861
ck_fc832b0c90c9bdb9,0.999654402120013
ck_8129e81cde280131,1.081936213053805e-06
ck_52c0ef68aa2fb8cf,0.0023710061504782134
ck_06f042e9b1b662fd,0.0029573325626384562
ck_0bf35dcf7b38f650,2.9255746065618797e-06
ck_615763afc2e17a7f,1.158600216117125e-06
ck_e72db9d4b2fc9997,0.9985079413200871
ck_13757bf0eeb353e2,3.817751991425732e-05
ck_abaf371ec8249c4a,0.08216814628841372
ck_9b7167da0920c37b,0.0009103999104067965
ck_2e824b0b27494a17,0.0008117640344279842
ck_9a0b605e9c3220c4,0.0014262739253907565
ck_a5276af466b681de,9.887918675832665e-06
ck_9e0383e1fb6e214d,0.0014179287130039653
ck_6a27c44b691dbfac,7.074367160183188e-06
ck_af39767cf583905b,0.002097464510369233
ck_243b1b9fdd3f9a74,1.2959597465535238e-06
ck_c0422e638a9c6046,4.4770115207896635e-05
ck_e0f3ea3373dfc4aa,0.0006531696140307372
ck_d56ee1654378ffc7,0.0005343099093773615
ck_20cd2f5666719baa,7.919575400410525e-07
ck_4dfa1c1e9b69fcc8,5.612447071836645e-06
ck_5d22e9ca1d15180b,0.9336372654703717
ck_f4a7ac178fd55f0e,2.001563330602167e-05
ck_fd5609bd23a1eaf8,2.687354367646465e-05
ck_49c3bf13dc9471ce,0.003393497564948022
ck_724085c3452d4693,0.13759643948055258
ck_e5d1462846154a75,0.0013050049986086003
ck_c69ef0f3e7d6acf9,0.04171939106542394
ck_a2d0417791d4132d,8.002270788307983e-05
ck_00a07fc2a9183c3a,1.1150736365600813e-06
ck_781b8288e54ba8f8,0.005050583146359506
ck_d74a62ab3804a81b,0.00024025849541863388
ck_abcbde211b6267f8,0.007026089173701591
ck_16dbafc035574654,2.8169886254973994e-06
ck_018f780215ecaf38,8.774764515745845e-05
ck_0b259620eac51618,9.130963466790966e-07
ck_4f875342394c110f,0.007312331567481804
ck_399e45e5fe9beaee,1.650395151714689e-05
ck_36224a2d394ebfe4,0.021018606484934536
ck_c189b551bd111332,5.419129779923421e-06
ck_125c5a720ecb177a,0.001923083722004156
ck_76d010aa02eb477a,7.801751721456064e-08
ck_1071d14c46c92379,0.9884544132390445
ck_61d244b2cde483af,2.332986842053966e-05
ck_2ff1860da2004c84,4.71921193481807e-07
ck_c5b583490198672d,4.866558391882102e-05
ck_1294f7af22fade11,0.06357387424547278
ck_e3a22799716df39d,5.267124875224039e-06
ck_c77e22834ef97005,0.277147788217513
ck_73d3689728270a2b,1.510727326073077e-06
ck_295565fbf77ef885,1.2987725886149506e-05
ck_80c0a7f54ff4895d,1.3084001381252367e-05
ck_f1ef5cf7f10b16c8,0.004182944103952832
ck_a958b2461ffc21a2,0.26361208073883624
ck_0e7899a57cd617d6,5.562589307921822e-05
ck_9d4fed252718f58a,6.194510616942688e-05
ck_83c2c34add971d76,0.0003878517709275925
ck_9ccc030ba2de9fb2,0.005102456236066086
ck_cd691e3466fb3742,1.2901894687818239e-05
ck_49df70f908dfd069,0.002913788445342899
ck_362ce13eec1e33a0,3.9059569566485345e-05
ck_2452a30397dfc54c,0.0021452751265197923
ck_a443d49c2b4863b0,0.00010598090236757061
ck_c8b2e2cb349dd0ff,5.310842636674904e-06
ck_354909fecf5da8cf,0.0005831527629606159
ck_841f598bbd54c83f,0.002668991915893656
ck_cd6fbd4e8724f994,0.001867266258138876
ck_e0b3158111370118,0.0003365110158195362
ck_4c2f2eb657c2c60e,3.2944905692786876e-05
ck_ef346071f0b7654b,4.0067300395651775e-05
ck_f3bc10e3decefce4,6.0619045366602067e-05
ck_189b6fbe9b9192e7,0.0004920313861367812
ck_5245cbc5ff4d4fa6,4.685158774812583e-05
ck_cb42e3be6fe87f60,0.006746538464730782
ck_966d4d713cbc7792,2.852561058043814e-06
ck_1c8c969667cbaab2,0.8332499320817158
ck_d35e3aa9ef5d405e,0.7391192986354439
ck_a1c39df50a5873b3,0.0009195375953334064
ck_a152165caf295b51,0.0011766033469973707
ck_891eaedae139828e,0.0002085470980843125
ck_1a46b56f4734d52e,3.81695742136606e-06
ck_5e36042cfad96c99,0.205632482680592
ck_02a8582c2603e675,3.689823437609692e-05
ck_6def9d0429e4ed4b,0.002356974040262076
ck_e137400825a1e3e6,0.0006022204489418996
ck_d91ab840848a54fc,4.08373966399529e-06
ck_becb6e1c608e0078,0.00045700436502046893
ck_6fd8c86ac719d7eb,0.0027733254782481426
ck_3ed4d13f12fd9d0e,0.2527128545938203
ck_007337aa99a4891e,1.9025201781526967e-07
ck_60c3d8306527a08d,3.882670277750007e-06
ck_95458880a54df0b1,0.3711497593576081
ck_b48cd8593533fc1d,0.93080982921785
ck_021c6a4a7e3f1f0e,2.6508642987177103e-06
ck_764d40f865e710af,0.0004911642404076235
ck_4b84357ae8ec7777,0.00018367821302759039
ck_3397c7856b4669a5,4.00127286785847e-07
ck_920bb003b42e6310,7.238067291890026e-07
ck_8f59f11b512d5b7c,0.0008359958263893404
ck_a3acf4b986afa98b,0.09214711216815769
ck_e89d25ed7bdeeaea,2.3113429540091288e-05
ck_70e6bca473bf6902,3.676746590089232e-06
ck_186161ce152836f5,3.184503278748971e-05
ck_9191579254663f5d,3.374260605754487e-05
ck_1e6628879e9d653c,4.7449996043254405e-05
ck_b498fa91a0776ff6,0.0017824066734019846
ck_cfc2384f22954830,0.01618372073317803
ck_17673a1c2867888a,3.4118835248291254e-05
ck_523dce06515b072d,2.463533818148271e-05
ck_c20638a325ead2e4,4.453756389467779e-05
ck_d3877e1f907cc148,0.0004967267339661242
ck_e9a2495dea8675e2,0.0005478622134141647
ck_7e561caa5fa1f3f1,0.011106080788630568
ck_455672e652fe1abc,0.9998435740851483
ck_7f8f864fcc90ca82,0.0004293885686092228
ck_1ad36046aaeb816c,3.9691896464522864e-05
ck_de056e37c82e8e00,0.0005006724781869492
ck_7484c214c889fe7f,0.002253886835445976
ck_32430e678c4f9f53,0.0002755353973832682
ck_6276ece8f80ea799,0.00015386650072368683
ck_ae8e5dc4b725bc25,0.002752876498421951
ck_f01be92dc78a2dc7,0.001377735339962861
ck_233397a8bd40d38d,1.1755580886986756e-05
ck_f8124911450fdf31,0.9718661641906075
ck_aa0a3179f1111674,4.719550266238466e-06
ck_2366b29ed9887a5e,3.581190677569479e-05
ck_1f22f04dfc08cf27,6.55569546407714e-05
ck_b62276c3426d680c,0.0009547530353788347
ck_d099fca88691f66f,0.02565463843968944
ck_166bd1dcbaf4d6fa,6.397748531306734e-06
ck_7b1660e942436e12,0.00037396936528302164
ck_4a9a791a1d409a3d,2.0874743895507907e-05
ck_b003e5b54df65db4,7.992412782039789e-05
ck_64b4dcbf436f0b75,1.2176709169829102e-05
ck_26e9a7bb2061a58e,0.11825504437078298
ck_08b77ad5f8f73007,0.0002274869706305036
ck_366616a725afc6bd,0.018111457222652685
ck_934fb5064b6eefe2,3.4660285564438315e-06
ck_c6abd5d57b1009d2,4.6420249497163495e-05
ck_edcfa9e1cf29d813,0.0013907943596824612
ck_c30201ebd003fdc7,0.00012769254585834414
ck_c54643d94d3ce355,0.004653443199834401
ck_02adda6e91e49650,0.0008139761989885988
ck_5b73d7c5255e58a3,0.006891927073218059
ck_129ffae92dc01408,5.732705653162281e-06
ck_fa321945ebedb916,0.009628603337167314
ck_8da980cb2e1e2bfb,2.5424644085565138e-05
ck_0576b00d728bdf19,0.003996907961539381
ck_c543d82e22b3c8a5,2.782885015285886e-05
ck_0027ba644f9ae2cd,0.12222107044124984
ck_8dbf61df902a6bbc,6.05027110244392e-06
ck_90eeca1cda79fd41,1.272965403124314e-06
ck_86d7127391d4e01f,4.291244626985239e-07
ck_73762038c7ff2f6f,1.4347246768965442e-05
ck_a1484e6215fac651,0.8907752841177
ck_cb83b9f806e90dc6,0.40308983789388453
ck_8c6f059c95872126,2.004403971534509e-05
ck_3174419a81e7caf2,0.00016978708444647617
ck_6a0f8f8fa4a3c2bc,0.0004246361270937067
ck_b5777605668bfca1,2.40347084165263e-05
ck_27e4de495abb4d15,3.2393228532960676e-05
ck_7f6fa79c7a107161,6.131666299991661e-05
ck_c36ed9f8e6792ea4,0.0006596386849057699
ck_67a1aa88d2ea554a,0.08571564785553565
ck_09748dfe4df3d540,4.630109275886005e-06
ck_27fd85b1e38b675a,2.7826946424187346e-05
ck_2369689bd795ee10,0.00026830087511958044
ck_4eb1c12f7d092bac,2.1570250371189057e-05
ck_01fbafc42c8e33f5,0.0004213719831526853
ck_93c4e05699b3b7d0,1.6441225970482717e-05
ck_afc484d1b6907983,5.963627579217669e-06
ck_1b2d9cae92a1aab1,0.007041461318177956
ck_73b729cb161487f2,0.00014003997160777956
ck_fe3c1d0ac090d960,0.003313531152414598
ck_408efac1d3885ff8,0.00041971543144883204
ck_ccb4dd9d0a48a76e,5.928046877095646e-06
ck_2987eab34ca7805d,0.0001819871113149365
ck_1dbf1f15193197db,0.0031674036201937996
ck_4ed711fe4053e74d,0.08513157512614009
ck_6c54adce174f45f4,0.0002885200859663826
ck_a6c740041faf0bd5,1.8427865744972936e-06
ck_b05c4d33c4f43639,0.006269397339223817
ck_032880f1114dd51c,0.00996168789298957
ck_22311b037456a76e,2.1142344050764191e-07
ck_5866b413549765bf,8.659548964907546e-05
ck_0e808afe2570ecac,0.00011007766010230723
ck_634276b05f4381f8,4.124560802503439e-05
ck_5d8773badd0d4740,0.0007921884893317494
ck_82b5b79ce3517102,0.9865614144272822
ck_b378b8d8100ee4b1,0.0024353892435901455
ck_54e581f71be5430d,8.044836907647976e-07
ck_798ba4b8aa544fea,1.3639095120240692e-05
ck_3fe86b6331ff95e3,0.325295377318502
ck_81275d9d4c559e6f,0.0001093349227215762
ck_99a4e5ef02d89493,0.008238258688366473
ck_54e2eb018d947790,0.00019899410171938904
ck_966901ea9c77cc02,0.0009701402563765423
ck_27d69ff4e0cb428c,0.22931747042712192
ck_2cee2dd7bbfc09a0,0.999324521284657
ck_4136b00924695ab4,1.7067371767072321e-07
ck_59a164c40c03a45f,0.00017779922240506588
ck_3e24b026bc66789b,6.494530343356877e-06
ck_8105bcf69a75ee47,6.902772465846027e-05
ck_7a1782cefe26a456,0.014463246662032116
ck_970c7dc195161272,2.8224719754825628e-08
ck_a48ec0c00ae20e82,0.013065126648138173
ck_54b374ade34e1dc1,0.00010587325638856284
ck_74e5dec189761d14,1.9231402212399965e-05
ck_4717f24f2c6f40e1,0.0005431465821601329
ck_fc8cd8a8209e802d,8.461802080030595e-06
ck_71db4131d7efe218,3.904185349867982e-06
ck_45424ea6f0bc4650,0.05597708857090688
ck_3716c6181a5035bc,0.0073159303750219545
ck_26de14b96bdad4f6,4.964562133321289e-06
ck_99c0a41ac9c73857,3.2754933804382276e-07
ck_645f15bbbcff3b4f,0.9998748604462548
ck_b7e25ddd41514d4c,1.89238209681958e-05
ck_d5c14e877ca7b755,1.4896897696372792e-05
ck_05ea4440dac6cfad,0.004973720801804734
ck_c58bafff7b1955cc,0.00038449539448133496
ck_f0cf85b67a9b840f,0.0031722371332463303
ck_ce1500a7f0d03fba,0.00028577175772419853
ck_d4972a775aadbbc8,0.00012450933351788827
ck_3eb6146c262e0fc3,9.305280782438404e-06
ck_afb23858a4ef42ed,0.9999673419091553
ck_2c1def5c91c52a5b,0.0015610906673747206
ck_72e550559487b919,7.88511470376904e-06
ck_0284dc2b4f856b3a,0.19587153618637027
ck_03be334935e999a2,3.5413157943253075e-05
ck_e35a4b4a3cb4cedf,1.7017904902982915e-05
ck_5abe57dfff4b735c,0.0013931543726465648
ck_f5f87f772388efa0,0.002212896833461473
ck_5a22cb36d612236e,5.32221787423873e-07
ck_8ff1e6028e764472,0.8794069078833555
ck_2ab28149b0986642,0.0014427316620964643
ck_c88fc1bac79fa6d3,0.005281687596329058
ck_5b137d74bba6b1b4,6.199501252770238e-07
ck_11f362dca2dfaf5a,0.0004390597031829583
ck_7f960541e5174565,7.682112469420306e-06
ck_d5458ba39ae94498,0.0008248580517182008
ck_0a921a73a90c2e39,0.001027615799961839
ck_6ad56ef40086dbe4,0.00038261266163957744
ck_b68199ecccf2350c,4.556802514305915e-05
ck_6dac66c8198c07d8,8.043849936781841e-06
ck_9b9ce7bebc235fe8,1.7073121237159408e-05
ck_6b817117d87063a8,0.0002146521598944605
ck_900d62b3184378c7,1.2978141420383383e-05
ck_eafe9b89857149b5,0.0002478980846823359
ck_e74716a525ee5b24,2.3737386321523484e-06
ck_4e9a6f06ab134102,0.0002505520101433393
ck_b0d33b5a3716661d,6.160049243541659e-06
ck_8703543bf3134306,0.0002893210883121362
ck_923d6a0f83accef1,0.0006562275139819196
ck_52e37e2170532e2a,0.15121860787975658
ck_c1c5ea839c58958a,0.001186012233630209
ck_660f0006780e87e7,9.857996331274898e-06
ck_830b2c5d1818ac07,6.840984676090927e-06
ck_b080ff636932d1f1,1.6569286538166544e-06
ck_38730aace405f2ae,0.999999250246341
ck_9790138467a06223,1.8300870944087808e-07
ck_10de0b0d86b17839,2.9613704316174548e-05
ck_c3e37a4d3382c32e,2.920334530569356e-06
ck_dd8edfefa1eba531,2.744519145945708e-06
ck_8153cdadd300d234,2.5411057560891516e-07
ck_74d0e7c2c6b63d36,0.9995416476396087
ck_c478aae3031bb328,4.522521662971704e-05
ck_cf301f2194975866,2.0388352757534922e-05
ck_f4de03f44e3a5bd5,0.00015489092561010574
ck_b06ce826e593b210,0.00021243044785974283
ck_2fc70b6baf6a0e26,0.0003108736438094062
ck_d208494cf5c90047,0.06477061856664526
ck_086d29ccae565e5d,1.8885016594842358e-06
ck_d5ef6dc116dee408,0.0042090042693302375
ck_fdf0c5b722d83464,2.4457064501171777e-06
ck_de8494b13adeffb5,1.227294195142074e-05
ck_556786868599143b,0.0002243759031268976
ck_4940e78cbdcfecf3,7.211211107082191e-05
ck_d32fbbfe32c00416,0.00017975411474208434
ck_bc7710f7e9fae649,3.0165600037848425e-05
ck_416f7ac57da081a3,0.0010392664503627897
ck_6fb39b60c67d5475,2.9086153984459602e-05
ck_e40a156511345d6a,4.955559400894437e-06
ck_49ab879b5aa7fccd,0.08123261566257327
ck_bb643194d1cbc47c,0.9999965727715916
ck_b3ce8f1bcedfa043,0.000623275867742644
ck_558ebde8c29132a4,0.0012583192462585534
ck_e6222925762273b8,0.0036738002800470082
ck_bd80546b4807dd59,0.0037774221164675885
ck_bd21164bd2bbb635,0.0025948951211769316
ck_ea835557d7043667,0.0004977684150753427
ck_1411a80a157ff39c,0.0013463767573658884
ck_ab973888c20c9120,0.00636404182907521
ck_95b48972061abe82,5.5549427762044e-06
ck_fc4a43f8876bf10f,0.0787957310012497
ck_f34fb7ccf82f41e5,8.708742496147392e-05
ck_5af9934a56801ac0,1.1449134932124854e-05
ck_fc7445ec76389a58,0.14944353802548008
ck_1eeacc26f02fbba4,0.0011984028422233747
ck_4f325dd15c9bd45c,0.011751766779045766
ck_5009a6c8bbaf15ba,0.0009757328670463508
ck_0f3de7f074bb33af,1.1225960072787025e-05
ck_2cbc2f93a32eede8,0.001757575172662183
ck_4bb90a61c21a303b,3.6690473621408486e-05
ck_3ade9eac7d7b0dbf,0.012486467839626803
ck_4859a58629622915,0.0006218029165466361
ck_5fed957287ebca03,1.1506604368864377e-05
ck_ec01ae5351500355,6.039929564098685e-05
ck_703b41624ae6a5b6,5.671319128396581e-06
ck_97c38e7f61c27e47,0.00013161316692205532
ck_db2c0908150cb2cc,0.001502967900502621
ck_64ac5e6fed86ab60,0.9718766121342345
ck_da1c853b0a061e83,0.005279406888199343
ck_9a36916b60178ded,0.9552375653532451
ck_3715bfa7fed2c675,2.6752877413441664e-05
ck_dd3feb77d7d4f6d3,0.00010294437704742568
ck_982ebb24174a4ade,5.790643013357481e-06
ck_f6b7a10d47dd9a1f,4.148625139748583e-05
ck_1f56fe99f250cdf4,0.0012480149856381503
ck_deb3ac0606d6f6db,1.0923053048120276e-05
ck_e666629e5a41b39b,0.0001523530367787619
ck_756d2c13d02b3e09,0.000707316995990642
ck_7bc752ae7cf5d55f,2.4129134105719418e-05
ck_fc0cc4b25e6a8194,0.00021293130448723227
ck_9b2b0e286de78a1b,0.00013587425223664362
ck_24b0803447211bf3,0.0001704479821468918
ck_82eed68d05a42128,0.0011837726762052706
ck_c8a03c516ed5b05c,0.035934061303797914
ck_e914974cee1bccb1,0.00024964208836386425
ck_0c533ff2d0f9962a,0.000826753916598579
ck_c12805fa5d970a83,0.013889960671960007
ck_fc2cb29918631f10,0.0007645639192976934
ck_c20e89afe575549b,0.00029952127132629023
ck_e1ff9e31becc27ae,0.05462783202593374
ck_18116d0ac08f1996,0.9992086105972919
ck_885a83975cea5e64,3.504240703400922e-06
ck_a0c3059a959ba5d1,0.0003851572168486681
ck_75257ca7d7da2861,0.0006539576320184918
ck_2210f7a0d13bdbef,0.000774675220405569
ck_9cbd9ecf8374f65f,0.00036006249064381537
ck_18f67c00ba21fbde,1.7277815801296387e-06
ck_2d28f14d3973d8fb,1.9910016689854845e-05
ck_8b3401b44aaae728,0.00019815777890233629
ck_9d8e9ef37797d3af,0.9408325829630689
ck_9f50920c894f64e1,0.007069796119255751
ck_4737e0d56c6fa0a1,0.00015324049219834167
ck_52c311f29ca3aca9,1.4746744734720397e-06
ck_6a4981bc721df37a,0.00036547323252228035
ck_823539d936c55fc6,1.0595813736697492e-05
ck_df5aedb4118020bf,0.9999500328379969
ck_a911a066ff0f7b56,0.07715738117723955
ck_684609767df4a14b,0.012318495291002356
ck_f2350bf355dc919e,0.00019379056040133173
ck_8452b6cf97c65a5e,0.0006017106244738195
ck_084cd84501012218,0.8737532816383772
ck_ace6b72e5bf3e93b,0.883757974110688
ck_2afdd69094c955c5,0.002031426259824334
ck_fa7d5be26bf7b31c,0.021833102346942638
ck_4b041217690fca2f,0.023672069081945957
ck_9fb8e3d38cdf276d,0.9929446167249238
ck_c1ee56d65a42f59f,0.015172242466248577
ck_fdeaa1cd085691f0,0.007715041274157883
ck_5de33a7a87e9aa62,0.0010885296568961132
ck_7476e7fe1ff45545,0.0002839260659391234
ck_b0a947b498e47018,0.0007427398776179693
ck_e3894ed88a7977e4,1.987171905713934e-05
ck_c7e07ebfb0bc15f6,0.013524479522981053
ck_3a3daa8b376f2a18,3.346556971028361e-05
ck_87809324c2675b0a,0.019704232089321465
ck_7eb4f33260f1dcd4,0.004226754692641263
ck_ab9f0e08af030060,0.0007771254236002106
ck_5b8fc4a76f340797,0.0001878665219842266
ck_0e7bf10ef49aa818,0.018424120507773745
ck_a44462a3853ac67e,0.9999994492524331
ck_2d14bcd2e0fc043d,5.518988483341593e-07
ck_df1f2dba802296be,0.9623684361121464
ck_466a7316eaf149b1,4.458866794398674e-05
ck_50df50af592b0c06,0.0002570184187421236
ck_5f9e34c849704b95,4.021398642599394e-05
ck_7836bf6def26aa87,0.0011895627681848449
ck_ba175b1bd8efaabf,6.546634237921775e-05
ck_1a0aac7f7b94b1be,0.010121987515847447
ck_6768c4b2aa8ce586,0.004610441346461678
ck_eefcf0ed15897898,0.000823909906998023
ck_7a6cb27e390b6ceb,1.681199895307358e-05
ck_5275be4e1577c1c7,1.6997996109469228e-06
ck_6bc0e5b8c0b7d2bd,5.138335817705546e-05
ck_4874bdec79f9106c,0.0006908085010176246
ck_a678731156ad7bd2,0.3990848339976583
ck_db906debc36a5d1e,0.0005264765043777864
ck_e87897767c612942,0.0058611714734425075
ck_45ed5ee496ef8a67,8.124887550826755e-05
ck_ae20e28f9854f3ee,0.004786253159384853
ck_9ee044b73943a90b,0.00015144617443797626
ck_dab34cf6f0626c9b,0.0008723872168202618
ck_64a02b7b96149810,2.240419801083712e-05
ck_c417d06f3e94685d,9.975542866915429e-05
ck_3e0149cdee4cb294,0.0006420764494455692
ck_0e6046fc30f81705,1.0422950588942044e-05
ck_c383aeabd53e9c89,4.530140347445888e-05
ck_2ef76f1f36e8b869,0.003388387222668687
ck_43948784650bb9ac,0.00029130709338461296
ck_bdb966f43ac350ee,0.0033149214012223676
ck_5bea0e0ee0b094cd,2.701799660673069e-05
ck_dff090f03ca5529e,1.6326631703794152e-05
ck_a4691b57f837d88e,0.002663669427521863
ck_99ee90946395d74d,0.6208706807037402
ck_cc81dbc83a8879fd,0.0024022884169986433
ck_f3dc0725621b3a35,7.00070221977682e-07
ck_1bb212d1288b9689,0.011474938279850534
ck_9e7278fc7679f002,0.006523217538018009
ck_3ded7a8720d7e311,7.503947454419185e-05
ck_798157bcdb9453e1,2.4562579733069597e-06
ck_9fba80f56f357fe1,5.3907082856788885e-05
ck_f1e1c8491f16f912,0.00019769366547985645
ck_7b1319a5ca2f63c6,0.9999906754868506
ck_124432fd5c92af7e,0.9957473563247495
ck_148cb0c723284dc0,5.490633790903241e-05
ck_b56c62c950eda009,2.8407202499577167e-06
ck_a0498755cd8d7188,3.114636234537346e-07
ck_5379452a9d74efae,3.591017404468359e-06
ck_6c2453229d608183,0.002229234953156908
ck_f9d8b4813a88c1e6,7.592188248416466e-05
ck_c2c7d1e45a521857,0.004336311759378883
ck_4364a83a11743888,4.372420711132251e-05
ck_2cdf5fd97ba75e06,0.004332097107667597
ck_71bc01291e0533a0,0.00011090200058783171
ck_a725d7aed2a0bdc2,7.307863327189305e-07
ck_a9b0c4dbd7db6a91,0.001368434907228026
ck_a4258806a533efa9,0.0008297211613516927
ck_905e460591d9a278,0.08133723905741455
ck_20de8abfd8960ee3,0.0019072236743074612
ck_252b0a0f1119b220,6.248179279330991e-07
ck_95e4bef65c36af1a,3.85326689763813e-07
ck_5ab68b434ad53fea,3.283246931633751e-06
ck_13677a1957078827,4.91509338897089e-06
ck_d251e9fa09e542dd,0.9999988297166169
ck_700cb620f300dd47,2.6827567328195642e-06
ck_39a68c55a1bd3ace,0.31000049418497927
ck_61a59a7944d6c53e,0.04648301565701482
ck_db6d1c6d31da967a,1.430708867400367e-05
ck_650020c500b1b50d,0.00014811530441394773
ck_d812eb6930192793,4.4760160715866754e-05
ck_92f6ebc11ebca89b,0.06672771203346914
ck_d87e26eb5bc84b01,1.3383371739083986e-06
ck_66439e697695224c,1.1470867814641157e-05
ck_f21efd504faa654c,4.663910090381571e-06
ck_15eed0f5652f0352,5.3505047738369786e-05
ck_bcdbf57d98dc0d27,0.004098506303953437
ck_873ceb8004d3a9f7,0.009754133380942614
ck_70bef9ddd4bab005,8.904856722654663e-06
ck_7560f1891d66f294,3.50634326183676e-06
ck_f439f16f8693883f,3.8146150817501476e-05
ck_14f9535e53f9c7a6,2.860838554610118e-05
ck_5984be472d2bc267,0.3628698764263796
ck_ed01be7504dc4187,0.008282643219855114
ck_dc3d8b5c17b67ae9,0.0006630819539025516
ck_9dc23031b6b494af,0.07715738117723955
ck_fbdac0221bc03f66,1.3624874076129137e-05
ck_863708a99b92ef0d,0.0026198306834768065
ck_22b52654776a1ea8,0.960164254534211
ck_a0714f98001efa0c,4.152749661630528e-05
ck_9c56114f84e9a541,1.2835375849025854e-06
ck_e155cf506b2fb699,6.036399981609265e-05
ck_65ed7e72f24731e7,3.13798650527297e-05
ck_822d6e8e43befc72,0.8928054136676828
ck_b1182471d9ac6b26,1.4546097984092056e-06
ck_821446adc95e6da5,0.00020621806122162153
ck_ff182f033134dbb8,0.0010835569070789398
ck_9c5feef7647b0588,2.3430007061114133e-06
ck_df935d8bdd44883e,6.087621198831406e-05
ck_01eb24c18ad11fca,0.1192970079331646
ck_00d6730134a1eb51,0.00015294289182212552
ck_79ba8e85678d0224,1.0321183344575185e-05
ck_97e3b04a1350f6e4,0.000554965187031807
ck_74e9747954a46eaa,5.558797457179905e-05
ck_397d5fcc9972f909,0.6752546345161458
ck_9ede89e8a43c3f53,0.017016315012942856
ck_303b33910d67f306,7.420761245864537e-05
ck_3c17841636f6f7dc,0.0003287846108547651
ck_78730527f8ba1438,0.35307195502306765
ck_5ee32bc6bb5d1d4c,0.0031759025226984865
ck_a13fee8cd925d0dc,1.9362414857841607e-05
ck_6f847263379f2e43,0.0010343158574800209
ck_9b9d9e579e7b55b2,0.002136704964823734
ck_87c1d0a79e79c84b,4.254460796796782e-05
ck_bfc453eabb472f91,6.752508492095845e-07
ck_978c21bb5fe3171e,0.004725928240271025
ck_dd882323474431d4,0.018935381493106026
ck_533c4f7400d5ab22,0.3435524044943573
ck_5f217bfe28954e75,0.9999995975743324
ck_ae96d35465b3b4bd,2.1190722313477103e-05
ck_512ebe97c0af94dd,0.019490952425414206
ck_f558fe02bb0219b8,7.195556431937573e-05
ck_84092e23d5ef4d51,0.028720270360784204
ck_17d3022ca12eacd7,5.423364174144467e-05
ck_8a8f81bf3558fd9c,0.00046766390417646986
ck_0ada6fed1864e7c4,0.00021752860007135134
ck_21fe7bc59dcd78fb,7.280607914238383e-06
ck_e136e20c1c74fe38,5.5364152234103647e-05
ck_e7a530e09d113dd7,0.0032250378821902
ck_7cb0c9ded4d63027,0.000531872291234702
ck_102db9615e722c9e,0.0019255933182481886
ck_129e39ddfde92eeb,9.594774543869051e-06
ck_d730ff21bfd7769d,8.498211481245415e-05
ck_54459b45d2be8459,1.0919733064002946e-07
ck_7f1c20319eb60aa6,0.9999997297851813
ck_939fede90473e412,0.0003056549507122064
ck_e0f9506a6d5f4a1a,2.005668453089421e-05
ck_9a4967cdf49265cd,0.0310548619454312
ck_b9eaf03453ac7d5f,3.3299623358550054e-06
ck_522477be6376b450,4.240195557784655e-05
ck_9b6282e3bad50710,0.005571188034973178
ck_a0e3a2facd508e49,0.0005929935511425565
ck_97ffae702f7c3d08,4.3390683317529e-07
ck_344a95cb7115ec67,0.0023167415470549393
ck_1f2760764afa45e8,1.2578578233992372e-05
ck_720cd658d11ea428,0.000312460239828808
ck_04e32ee9834c088d,0.744700758205853
ck_2bb1389e5e72c8f4,0.0005792737771249898
ck_961e7dbc217cfbbc,3.879888860699638e-05
ck_f3bce4eccfa6d6bb,1.0312275707794147e-05
ck_e0ccfa0d689339be,9.280952338073406e-06
ck_98217aeafa0bfefd,0.010228997745550056
ck_a02aeec1914c158a,0.0011501948766187784
ck_20a17e8f206a14c8,0.030144690480508617
ck_114c32aad4b6183f,0.00045592394660050713
ck_79f5198f0decef20,4.6669244094787855e-06
ck_2209de229b4c71c5,0.0006116791343991265
ck_6ee939b7f396975f,0.0010942631638336982
ck_202f0c14b07ace01,0.0028578100276034
ck_fa24db9d416ab904,5.700616521060752e-05
ck_cf6aa24b92c4d33c,0.9153809188775225
ck_45f57fb8194cefc8,0.0002522639527590534
ck_d5eb179dc45394c6,0.00044284603117296107
ck_efb24be983342f75,3.783325468010684e-05
ck_245f5d62ead5ef28,5.163243097040727e-05
ck_15fe2a47fa7e92ea,0.0001263539830200844
ck_b6527a85fd682554,0.0011803973876830902
ck_11f9390a11ce9ff5,0.0021378012026373734
ck_ffb4d892c5158201,1.0801181413273447e-07
ck_d4c1da5a1427fd6a,0.002774147825894931
ck_2c041b1efb1c5063,8.807328938408725e-06
ck_ecc18f40b33be769,0.03247207125740226
ck_0525349f3945375b,0.05560041064202659
ck_0bfe62e0c7eab9c9,0.0006635017942554406
ck_b7c37d410b1646c2,0.003753468938158849
ck_4b15b0746318cf42,0.20317502136656185
ck_e5ee006ecd8ff661,0.0004688340395938525
ck_ccc83cf66365357b,0.014203029777656787
ck_34a33ffe8339f66d,0.9796199206579121
ck_4e39e3b165edab58,0.9909881898163662
ck_1a71f8081ae00190,0.9999382038669495
ck_ed8f1200fc049c40,0.9997588417459686
ck_8a5a57858e8c77f3,0.010100575738663105
ck_fff9fdc2adf5100b,0.9934661557608997
ck_c76f1bf40f3b787b,1.534734485248797e-07
ck_1a6ddfeef82b1b1a,1.1746993796878781e-06
ck_478d2667aa9896d9,6.667892512204859e-05
ck_641c8e7694b21f3b,0.0004669549786833441
ck_293581d879f6663b,0.9990666466102404
ck_1bfa8abdb22be8f0,0.00029451783041492736
ck_05ab5b03d0bf9ce4,0.13564234506468972
ck_35694db37f0cde7a,9.183833897891112e-07
ck_fe33eb743d714c03,0.00038013014435530257
ck_abd10fbcbaf2b038,0.00018699659772895502
ck_46d51648c1bf80e5,0.09309794670446313
ck_5c8390017fabfaef,0.00014672607876708483
ck_87d55ca333f22072,5.318968168564362e-06
ck_c39c6a1453e2b92c,5.11752428755451e-07
ck_69ff1b0aa143a168,2.6959198212336914e-06
ck_e57c79eaab35ded7,4.086558454255904e-06
ck_463ae759e2b6ad1d,0.0006207689534375834
ck_0dae4a7eb587f3ba,0.0001428269728786601
ck_9b12fb56529ebc4e,0.0011811456646143685
ck_1af547077ba2dd03,0.38673194327512395
ck_de13de941bebc7cf,3.2731843964399976e-06
ck_83dde7da2bf647ac,3.0472632019364496e-05
ck_c80a94d4660041fe,0.0015400532641800103
ck_f39cfeb277ef6528,4.934600896148472e-06
ck_1cec1ed1512a2d3d,1.4215829740859261e-05
ck_7955a359b6448799,2.6501535843338447e-06
ck_8c0955dad13c3ca1,0.00025949996273634567
ck_6d4cd2de601a2308,0.0008923824335203612
ck_f4536ba8dd2d551d,0.00010103783237824359
ck_b379c198d6db2d62,0.008037120494325903
ck_76ea90ebc74bcdc7,0.001744099675854463
ck_734f06bd4aa92781,0.03442356780303611
ck_677e1d0c14cbf569,2.5688148967440558e-05
ck_259271c70f3fbcbe,0.002024148497924735
ck_c0b744eb9e7d4eb7,0.0006821403004901619
ck_3d41faeb96802f68,5.997857311606624e-06
ck_8f604fa70fc3c8e3,0.00043203444805867803
ck_0b3c3bea0e0ed339,0.0011482136693368658
ck_be5df076b8a86409,2.702417431289273e-06
ck_6a475fe324d7d790,1.3016802143973323e-05
ck_3ba3fa5387bacee8,2.059874391023354e-06
ck_324b9939d9c1c31e,3.303323754735999e-05
ck_a7fcf7b592f68ca1,0.00046721533125445967
ck_5b2728f7cca414ae,1.140968624138039e-07
ck_5f4a25ffd0b85a47,0.0020420688245864215
ck_63d4f5076fe4406e,2.224437056596193e-06
ck_af528d66c86f0cb8,0.003486654040827892
ck_ac7cdb9b8da7b5dd,0.001199941374945618
ck_3bece63711407e25,0.0002944790203927999
ck_d4e0b2a12fcfc35e,1.2103775990302388e-05
ck_ee3e7c9d3a9c74b4,0.005943462508146212
ck_50d7c4dab837bf66,3.7148501689204274e-06
ck_ebcb93a2990fc914,0.005385673850694147
ck_2329cc9702cdf7a0,0.00567475362695662
ck_db1fa53d588bf99e,0.00014684054481756205
ck_44e57a0bad5a0745,2.7781694123537982e-05
ck_472c81a144f4631b,2.4376163293619063e-07
ck_1658429acd5306ba,0.0004959167196864234
ck_466103ec5bd9444b,5.086573643271907e-05
ck_9757163e25262b74,0.00048024113471399236
ck_34ed59bc2c9b0186,3.614127343933097e-06
ck_b7bd3a7f263f4f29,0.000252771586567766
ck_149662b09d632e41,0.0001920440397154794
ck_a9ffd6b3957bd41e,2.812375310628367e-06
ck_ab80466ef615e85c,2.8441510482191427e-07
ck_f2c824d3473db24c,6.372326870287969e-05
ck_a4a01fd45936b078,0.0006618922153738566
ck_8f6ce158c2902877,3.047057413550918e-06
ck_5189a302cfa7cefd,4.758442393428185e-06
ck_430a3d03be588201,1.8051866152865018e-05
ck_b5f9dd00914b4db4,0.0012519247634262458
ck_52dec82e9cf6135a,1.479812537743034e-05
ck_95e444a01e2ab4a5,0.00020184685082047534
ck_e37cee7b123692af,0.00022550499669198121
ck_d68d42858a55adff,0.026261120645641706
ck_3abfc010091d679d,0.0002706621348170275
ck_cee4e4e1b62bf82f,1.7141657633441824e-05
ck_9ccb17c35e636c5e,0.008146037930445002
ck_f72a5a3b0d6c1177,1.9933036428631718e-05
ck_7508aa554fae6afb,0.000423280915029317
ck_003aa842b7ca1d77,0.33826853591316647
ck_83b2b192f41ee2bc,0.05927896232671792
ck_64796b6b2c3c7f06,0.0010851989259348298
ck_6438ae81d43cb196,0.0024494250840155743
ck_2bd73d9098504760,0.07006516383706948
ck_aa8b9b36a099e4c8,1.423766721117958e-05
ck_e5ece47d0dd10526,0.011103137439764377
ck_16077ac345472e6a,0.0005453321491910559
ck_a4d6e152b0076964,0.00042680382390264594
ck_d90b1d03ae151f62,0.0004127977179499143
ck_18b36d342b530af4,0.001104473695978129
ck_2a01e610348b84f8,0.0006311979085337001
ck_0a93ed76bf36c8b6,1.7855954960873888e-05
ck_3d56b477fe2370b6,0.0012292149775687848
ck_17ab3068fa303682,1.467432797324654e-05
ck_592a3520d841d11b,0.005215046258499265
ck_84d07028b5fca2f6,0.0015006539270611917
ck_f4a2bb10afa85743,3.9290541104367664e-05
ck_4fe4b072f03f2c1e,1.4867939088200144e-05
ck_9ad08fcc183ea1e7,5.6235470886498625e-06
ck_130d3848b9dcdb05,6.712729413161384e-05
ck_bb399ed6bf28c230,0.015673417693808776
ck_a31a64a39a2c4941,2.4480012632912768e-05
ck_c49f25dfb39909cf,0.0004928775105944507
ck_55f50a9ae2db8ff7,0.0002541120712991048
ck_09faa4e771cf876b,0.00020351867170913035
ck_df520a7a6e405889,0.0007201479089921593
ck_8c8c98cc694ac900,0.0003189328467189014
ck_7f0c4f609673ef62,5.521433735815516e-06
ck_f51fe59cd445d2cb,0.0009627674003235062
ck_b3fb83f0d772a831,0.0011727612760882994
ck_d6e7e257751c299b,2.3504235648692048e-06
ck_0d362ddb4a1cb6d4,0.00020971221765386764
ck_a574a08edaf81781,2.760749589352982e-06
ck_a823f5bcb0e4b9df,9.177177742349083e-06
ck_f792586ad0381eac,0.0012380640589420542
ck_54bfd70022c66983,1.3121272045356445e-05
ck_fe0a9372c9372de9,1.5761824399282252e-05
ck_5691cd6fdb6d8147,0.00020083182639172887
ck_a95f212a02433d23,4.433215433077863e-06
ck_f5adad75e1c06731,0.006952749926140761
ck_e09c97520eb0533c,5.153982210763004e-05
ck_a1e13c0d58560340,9.088612601666197e-07
ck_cacc2ca410cbe80b,0.0001450623003923384
ck_c0dde2a6ef1e08c5,4.3301678396098944e-05
ck_a04403073c90ce38,2.1020850277337485e-07
ck_03d3026107175dae,0.0018196155751615518
ck_50176dae5b1b716d,1.8058447832510847e-05
ck_6c084bfcb38e96c3,0.0035571240305754988
ck_36d2be9012f7909e,0.0001630401443602766
ck_958acf84c6137a22,0.0047685586976038
ck_114722e12db90a73,2.5125021451510545e-06
ck_203c2a22c0c165ac,0.0006920296139850745
ck_2c44ca550e5cfa82,0.0004923510654689975
ck_df0a8f20ab8f14f4,0.0002226979681724129
ck_826a27ff7555192e,0.00016502335315772782
ck_09a988ebcf062297,0.0032149714434007897
ck_5c82444b3b9160ae,0.00010738229985195298
ck_f6a4a7ed27fe76fc,0.003687839947326725
ck_17de46314b5c6a92,5.203237449318356e-06
ck_335e63101b1e6c4c,0.017235023535631878
ck_c5eefc0697451de9,0.0057044043306970086
ck_49a0efb5d4067b6f,0.08406549688875356
ck_c1f4509c8f5dac5c,0.00011137830815093469
ck_57658eda1c59bc52,1.2841051863995177e-05
ck_0d5c0736ec76385a,1.0884142877143623e-06
ck_e0239e6ae30795a7,9.624013662666808e-05
ck_e4459115cd8e5e4f,7.499059756019925e-05
ck_bb4aec09d4968dda,0.06592471005786293
ck_a1b4c96faed3e0db,0.005612444377831719
ck_8247b79ac67aae7d,0.0005661641952776997
ck_fe2fc7d6e5d83f09,7.77012886914393e-06
ck_f6aea576cde8d592,1.7923820448879823e-07
ck_b7e7f7d0cd886412,0.004117138426592957
ck_ca7b993e8286af7f,5.746787068739632e-05
ck_47de038381a9cd65,0.0001819107695912716
ck_d38f941d09eec820,7.179127426212048e-05
ck_d9ba2a6c0d926b4d,5.557128185278789e-06
ck_cda72f597330d0f3,2.583221024850118e-05
ck_16d2d27fadeeacf7,3.175290388051062e-06
ck_be05447853d423a9,1.9400140638925376e-06
ck_cd92852d7376a4a8,1.201256911181628e-06
ck_2faf7ecccc9fec58,5.590766302214044e-06
ck_db8733fd92f20cd7,7.42083050585579e-05
ck_a9989a3a94c26634,0.00016072230340284644
ck_957fb25437c75e41,0.00130148264709221
ck_e6a6caf6e7de17c2,6.08050605009397e-06
ck_f7bc569b37e8bdda,0.0002935464779904464
ck_703b375dd86a6124,0.0011951258636912494
ck_d3cfb3603f2c6ca3,0.03646342314804148
ck_07cb2b6f2a4303e1,0.0011909223841852013
ck_31631e2028d4f855,0.0004604236962286639
ck_1631bab0ba1256db,0.00022063607622986744
ck_5fdafeaec036f016,0.00011069921650285838
ck_6eda4c36aecad602,4.1488289819095555e-05
ck_bd1bf9e3e29de281,0.07533771571198142
ck_bf378ea558a4125f,0.874153096504978
ck_7aa2deeda0e57412,0.9999829792065867
ck_d229cf7f5a3f38ca,0.0003232278569508776
ck_9e109edd124492a5,0.0002667849339726028
ck_779491819995625d,0.06426601414583268
ck_b89c6fa2ad0a12f5,0.01243261979386831
ck_1d01b4a609918c4e,0.9990382096562265
ck_714c5d7cb17bc9f2,1.7530711367878238e-06
ck_269f1746f2609ed4,7.215966882403527e-06
ck_4be03a2aa62b93c7,7.351880239952621e-07
ck_cf920313f6dd28fa,0.0005880354243555321
ck_fb00aae4e17740c5,1.785972826378865e-07
ck_085d8c42739e2b10,0.9999999255683034
ck_c72a7d0d03cf3e17,0.1374677550902576
ck_8f6ca5d3b17eac6e,7.167014166374193e-05
ck_d9573100bbff4014,0.004261909220374114
ck_79d6793d1d0cf43c,5.43258282237336e-06
ck_91fa5032f7aff0f1,0.002220197140343236
ck_87110d84872c0fed,0.0022320731782818344
ck_8220da627e9992a5,1.3295591835498575e-05
ck_2ae44938847f3852,5.145136857140681e-06
ck_b0f191e44f9b6f35,0.043146739185869545
ck_3049d744b527f4d0,6.69455416936467e-05
ck_47d3e8d1dd3fbcef,3.925204151786444e-05
ck_ddf787359d2b5deb,2.154653559139045e-06
ck_b27a9e39726b26d9,0.0006177092834520713
ck_80c4e9274cf976b6,0.9999936820235832
ck_c6afa913168ce8fa,7.389299627446967e-06
ck_52427b3f8478db19,0.002240846512524933
ck_3b810f15ca0eaa55,0.00020065483057783303
ck_0c9e420f97baaa06,0.9965970238876884
ck_f8540cf3a8b2f8c9,0.07715738117723955
ck_1402d24dd623df72,3.801839223361351e-05
ck_eb4f4267e24d042c,1.0467916837349852e-05
ck_6f661b428d6fb8e4,0.00031685148428854605
ck_519a26ecf3d29c90,3.539949472999628e-07
ck_e886ba71d4a6fd73,2.197548011591837e-05
ck_437f9ecd2016a1a8,9.277647381573671e-06
ck_f01af1b0c977cc06,7.071846736347031e-05
ck_614f777c2eb5d537,0.00017115047822942946
ck_b804e784cde9af8b,2.820996250699234e-05
ck_c2dccbc1b24b137b,0.004034153352478941
ck_1df4a1781a0f6999,0.0004725667035763423
ck_bd2cdd53fca26171,0.00013938185021252996
ck_424c254249a109f0,0.0005229736562170021
ck_cf2ca4f286e289ba,0.023175258901457593
ck_6c33cb15b0d8af54,3.552195722160418e-05
ck_311d395fa9b8550a,2.292885365502181e-05
ck_9f792e7e721ff7f1,6.3558453945644e-05
ck_4c37586080edb7fd,1.2069279385727577e-06
ck_7c4f42c5397113b0,0.00013274442994214484
ck_fc418f53ce4aa579,0.9992889282504634
ck_1ba28fb7ef726ce2,0.0005330782450468057
ck_d932f98bf6b83956,0.04247881724450759
ck_248b3659a9239240,0.0021900454491236188
ck_6a92cf5f4cf5de38,0.00024909330999482997
ck_65519d0fb137e0c5,7.93359607306511e-05
ck_ddc3fc99eaba2064,0.0008832458699900031
ck_7310cda3bc65a73f,2.9446491069888536e-06
ck_c01c85bd631d4054,3.908503320919391e-05
ck_b4954d16b9749829,2.2064367258041586e-06
ck_f301f6758e170d66,0.0020543023910626155
ck_9bf95f8c47e7c7b4,6.152932079818654e-05
ck_c91b7fccf6aeb4a5,0.008765173785975378
ck_785fa45e86bc5e95,0.00022572791499467465
ck_2a65f1cc23f1180e,2.0098090195772332e-05
ck_a49a2c1f881a3560,8.464438767292065e-05
ck_def344d68f06d749,1.1343154771029576e-05
ck_abbd1465fc730d78,3.3055795601862035e-05
ck_07a5610ed28162fb,0.0007707645082232794
ck_7ecdee2d7127be8b,0.00028447677768410714
ck_67858bc00e81490d,9.276376876626675e-06
ck_b4ad165ace910222,3.794869793766412e-05
ck_30753ffe481a1b8c,0.9015512630149226
ck_c401a26725b17177,6.783608621336575e-06
ck_819988d8a7f26415,7.05665292691828e-06
ck_3364a1d9261b3638,0.008754170536209461
ck_c484c5bda389bf20,3.0209040972501072e-05
ck_ae416325fef92c9d,0.9997409911035913
ck_5517b9a865960542,9.365700162008082e-05
ck_a0e96fed380440b2,0.00032715014211390507
ck_e83409471d2b0b44,0.0032971546873969263
ck_127273af97d7827d,4.667081286537298e-05
ck_aaa9861c91bd14dd,4.9191563280452254e-05
ck_a378c58294001a36,0.9995488348333553
ck_abb9d65ff1f95b64,0.007234443233301818
ck_a5ecbefa849ae569,5.6394105229098136e-05
ck_aa9953c0ca2bed7b,6.9293860999944605e-06
ck_40bc6de252865f32,2.1363334716046216e-05
ck_9fb11688dcfe1513,4.373134610249088e-05
ck_ba68841ca2ba073d,0.0018621659838654594
ck_1d3e561a7d20be0a,0.9999220457041282
ck_99a92d710a29c1d0,7.134597845840048e-06
ck_ede2e887697ffac0,4.2573423356921265e-06
ck_e6de67c0d82a7b83,7.085361600695944e-05
ck_6b38763bf5ddbcef,0.0011337862930529698
ck_8dd44eead7d765a5,0.004621370745306569
ck_30bf5b0056eea9e9,0.09005579246409631
ck_2981d16f8a51a8ed,0.00020972442197495669
ck_fc60f42c68c7024f,0.0018725610231735059
ck_8e2b2251ee224aa4,0.000407058260905883
ck_1906f0dfaf6e9bad,0.8074102601959812
ck_dcbe6814fc4ca0b4,0.001693592642038573
ck_f7e958a286ae3b57,5.9572551917617306e-05
ck_713649668a7ca824,0.000773210332846552
ck_6f73cdbf9305e2ea,0.0003309811746437238
ck_dd1c490050cd9051,0.0031928296148936255
ck_e30db36e376606f7,0.0612184412839863
ck_740d8fe8028b5a2e,9.547327482385004e-05
ck_ebbc9418cd41f692,1.0664229247008973e-06
ck_7b3cc6cc3f250f39,0.0020298718056056863
ck_1d30eef7110809e5,0.010736266233974332
ck_77e0589ab339ca66,0.0004938173151636966
ck_15ccbf8ff7d14086,0.001316658427233874
ck_246989b0c288664f,0.0011721975792214373
ck_fc2a6e27b10b10e9,7.305215276288283e-06
ck_8afc1112c12f5402,0.00026319532067260693
ck_a76e8d83b9141364,0.0025973527160838205
ck_51d3e8dd7465c015,4.314477549720695e-06
ck_e7b4016909405981,7.820476559101845e-05
ck_e7a3cfb9bf908e80,0.0008790680424182814
ck_2bb49dc2388cdc1e,1.1938804009127553e-05
ck_94f4266ee7871345,2.193087056467957e-05
ck_b2c896beec146477,0.0012068589689101547
ck_fcf5d4a4748cdd53,2.6564348193350822e-05
ck_fd0483639811f62e,0.03262623373295332
ck_9a21d183524734aa,0.0021230723874775806
ck_1df4b46c0a4c317d,0.008612186945720515
ck_638df9e8a22dfe0b,1.381094372538088e-05
ck_65acc43a6dc3e65d,2.7493213802920862e-05
ck_7c67b73196e3d0d9,0.0006435550655499064
ck_b0ee3a98175b462d,4.099502487377814e-05
ck_20fad010969f1abf,1.1361346332864191e-07
ck_54b087bd873af8b8,0.0020761568943657685
ck_8007824431fa803b,1.803908922830107e-05
ck_23aab322810b9fec,0.0012530012784393804
ck_c8001bdb9aafc8a6,0.00014149111453764927
ck_3a34c3ac83cf84b3,0.0003876329798052401
ck_60187ac2c473a662,0.9998441780758697
ck_6a0ccd7357979f0f,0.00443219285602687
ck_27f20337bef5ffe0,0.0045752123441239155
ck_f9fc468915afe49c,0.002359451630642434
ck_1eabc15a94bd9009,0.003223967617968651
ck_26896c494b2768ef,0.002440468553434631
ck_348c874eaf0354f4,0.04925110525366796
ck_be9c46acd216b45d,0.00012000115138732914
ck_a3cce46d15cc20a2,0.0292146552058964
ck_70804f60d9704128,0.0020364365803441985
ck_a019151ca8e7527a,0.00020129136858266448
ck_571133b2aa8ead51,0.0024325095957084143
ck_0afa4449f20d5196,6.485410750219679e-05
ck_4d503c41cf4e5034,0.00018009579578202235
ck_d6fb9cc5171e3e9b,0.9982910039836461
ck_05ed92a7c3e10e5d,0.0005062858210880388
ck_bfb067986660afe3,0.00186456688661086
ck_c1a31690c8573226,6.424526699239699e-05
ck_cb88ef3dc1f42225,3.119386760492405e-05
ck_21e3b3bd998745e5,0.0010103605995794864
ck_cf52e46fa54e4540,3.5704531130830016e-06
ck_b72c7ac4208052ab,0.00012404462350136793
ck_e6465c56b337e6c2,7.691279159371503e-05
ck_5f87eb05d18186c0,0.0005030488461818163
ck_263f6c5ff26b5e98,8.124221531323677e-07
ck_e0b7e2c0bbe228d9,6.956816819123044e-05
ck_b657ae3c146cb7bd,2.7282347253608546e-05
ck_abac514d8167ea58,2.9503294965467306e-05
ck_024dcab126876002,0.00016954413126010057
ck_5d8481e2b38bd99d,0.00916612186800493
ck_edf229c17d25dac1,0.18395557781875538
ck_6cb7c97b72d6b5d3,0.0009551920514254828
ck_c96ae2c28086a059,0.0017250015258707698
ck_2f241b97c0f8389e,0.0006826988730067881
ck_9158bdbb63ee8987,0.004156754856200809
ck_e7b40b60786c1530,5.0815394624241515e-06
ck_66d38518f68e6194,1.0156773714167472e-07
ck_8c9b57ad2a991416,1.2428508242130016e-05
ck_cc91bd7152d3e9ba,0.0002308943415882258
ck_0d846660c7957a88,2.7471500557652844e-06
ck_60896cdac2212bea,0.00989246469889314
ck_dc4db8b932df49de,0.019239587522817025
ck_2dc31db181150e20,7.603645787545865e-07
ck_2f138fce1171e277,0.0027569412036954934
ck_68b8b859a6ef505b,0.0022613153964242527
ck_c3fe0c6c5e1f40f6,3.296825109815392e-05
ck_15886fe84866de92,8.478786126999617e-05
ck_ea269b35406473e8,0.0004256089737521423
ck_3ce7cad1f69b71d6,8.620141381783136e-05
ck_054ed4288ee58d6e,0.0031150368181422196
ck_3d4913a86f207fee,0.003503953691683522
ck_23ff85f9d2355e8d,4.900082563643884e-05
ck_d87ab3261322216a,1.2431758227888263e-05
ck_fac046ce336fe39d,3.285211020800388e-06
ck_beb97e498e6cf8e8,0.03151162280443274
ck_1f517e0ebf397b51,0.00030833485886223486
ck_0af57ebaa45877a1,3.4898460178540114e-07
ck_f99bc1732ce5e999,0.0004122321466768493
ck_abb056a9deab275a,3.412323392905875e-05
ck_0bfc394c5faa65cb,0.0002875084899539138
ck_ddc865af1dd5670e,0.0006462047712901081
ck_68b5542459638b56,0.0016322656577531895
ck_0b1d84252c0b46c2,4.6689191300566804e-05
ck_520ec32c4f253604,0.0011639063507337788
ck_79ffcfee599d77c7,0.0015636347036865224
ck_eb224c0fd146253f,0.016723258413199247
ck_0e477084434da450,0.0005050764333293593
ck_07840bba5570785b,0.000489808554465253
ck_6b67fe8e310ab865,0.003541795149951427
ck_e2a1068c2fa22525,0.007357386019043024
ck_b9c6b32f6bd92a3c,0.00011382325302039084
ck_c1e7d1021ae58f00,2.075882760894494e-05
ck_5d7801201749ffde,4.437168975232527e-05
ck_c8806749e263f70b,8.994936980450011e-08
ck_c9eeab826781dc91,4.623347353445315e-05
ck_309a432c160a17b3,4.564032243286521e-05
ck_b22e3337b8e3dbb2,0.00012471888658245202
ck_79c30169c71b8033,0.9997516387072616
ck_5a6593d954085775,7.2478718658142625e-06
ck_70b9b79ea1aacba8,0.0006373290758464966
ck_63743141ffa11f45,0.002804141869389758
ck_dfd3dbd0d97a642b,0.00011134477195428244
ck_635646a661f05b4a,0.003345022603435993
ck_4b123d6931b6d0d7,0.861272173221394
ck_f2b0e7a47f442557,0.9936638775343831
ck_1b1df006b81d38ba,0.004767978669090134
ck_360237c1bd30f4bd,1.6738763671210448e-05
ck_5e84bca0e362da20,0.00019132628688882202
ck_142dba210ed2f3b5,0.0213126528165071
ck_a3564236069e3524,0.0007190825073423456
ck_cf36d8b070ded782,5.934124846158003e-05
ck_ddd6625c5eddad70,1.1787424534358277e-05
ck_ad54292a0b2f44ef,3.2664246429357807e-05
ck_45cd5ef6b359e9b4,5.6829668985282346e-05
ck_982c2392238b7be3,0.33717789312203017
ck_083e4ac78685c3bb,0.0008620403906082758
ck_729cc0b46cc2e546,0.03440481209698733
ck_f2b8995fe5402759,5.762996477947901e-06
ck_73e24f5a8da289b3,7.886631253398158e-05
ck_bd85f30c36f5998d,0.037186844150775084
ck_ee4ff3aeadf912c1,4.767820344952714e-06
ck_63d2978706e193d2,0.0001855840471325299
ck_6a0684436a1e66c3,0.787750177714472
ck_182dc4a2f5a366da,2.8665703910572387e-06
ck_e6fecb82fc2a82de,0.0001531643257162032
ck_cfb06f07394dfe64,0.00014803259202937508
ck_7bbe1dc8add17ef0,0.0010236969617724904
ck_5cacad76e02c8e3d,0.9967915971764337
ck_ca68dec0c7df5a12,7.2775356110541295e-06
ck_e4c0fc52c82065d3,4.6050306487049e-06
ck_f9197b070416f443,0.00010933002200164535
ck_2a07c7021b71cf65,0.01685949435237601
ck_4fa85cebf707de2c,1.0229854590233712e-05
ck_0063d2a9507467e5,2.9624456585489428e-05
ck_ec986285fff05b7d,1.3298527437770263e-06
ck_279d43303708109b,0.00019985846671773282
ck_a406bf11e48cf8c5,0.00449701527822308
ck_064b2aa3f0bfdb6e,0.0006644648608591337
ck_95790440bc4bd2d0,0.0021436628500264973
ck_70066eea13b4c34f,4.282190735246776e-06
ck_19468fe07e26f992,0.9962712529809223
ck_86bfe328e0a533b9,0.961319907326893
ck_ace3b96c977a7560,0.7336195512088394
ck_642344e5c652d8df,0.00182634297528142
ck_074be35c951ae10a,0.0017692152698122103
ck_f14dce41036486a3,0.9999950506081412
ck_5cf67a3a747e684d,0.7854209285132325
ck_f7285b92648c1c81,1.0672455114724828e-05
ck_bef3193f124fca5c,0.32037827814041775
ck_05c4dcbb45de1f8d,1.5779349494611202e-05
ck_d7c28eaa05bb7144,0.00012338352357629695
ck_320df984791a1b99,1.640493209430411e-05
ck_f45bad1606fa00a7,0.0003972641885557291
ck_6f81c199e986d9fc,1.1456455034513221e-05
ck_d0c9633fed57c344,2.5386999996825496e-05
ck_a3c25d6cc7478068,0.0002923356705274522
ck_4185506d12cf9fa0,5.78336826207135e-07
ck_7a02ee1bfba7353b,0.0009320597161166423
ck_1b52590757c0fbeb,0.00020069196903677445
ck_a0e5656e1cf9cbf5,4.482088795367945e-05
ck_ace21f6daef94f6e,0.0003972027835820831
ck_646d8d0834782d6a,0.11737648355060666
ck_1f136a4476b5e775,0.0008496191913408293
ck_325c7643cce02da3,0.005358686967008119
ck_9b5e7fe28208f5d1,2.0032685093059615e-05
ck_05d81b1a150f31c5,2.2356755117525636e-06
ck_0e9ec486bff403c5,0.00015764048831853607
ck_ee13c091bc379188,0.00038264817853069004
ck_f7a7f8f5903617c5,0.0024367500149020268
ck_96c3a3517153390e,0.0005081691832300279
ck_538dad7f096458ad,2.921748415415953e-05
ck_8758fc6622bbb7df,3.263478108201504e-05
ck_f7e53af3c91fec64,0.001573308542524034
ck_80b50fad7f255e1d,0.00013136493771006422
ck_9645e7adc08631b5,0.004400687110986609
ck_e007aedbf37d6ec7,0.0007323364597556677
ck_2951d76c41de2569,0.022771633114007275
ck_9439bff87e616d4a,0.00033132185008031683
ck_a73045e96af0e4fe,0.00010084200456718278
ck_7b382e533e2e925a,0.0012245285490282121
ck_730226c2d216cacc,3.410198058878459e-05
ck_bdf837d761a7cec2,0.4272029600592275
ck_0b34197335ba3341,0.00016154599903240574
ck_49170c4b31a20f5c,3.730800230230919e-07
ck_cd553ba6589d8bfd,0.00011086744732918821
ck_56b992c6f136fa5e,0.0003801678575374585
ck_8beae3d7328fa41a,0.005640848396540371
ck_1a065ea906ae3d6a,1.9577204560492632e-05
ck_e9e3381d5e0e5051,1.9686779376931662e-05
ck_a6d4f998dadc90c2,0.9918797142816919
ck_d36733da917115a6,0.0016714043356066645
ck_e738e920bbd74a7d,9.725147691057557e-05
ck_af65eb885a51048d,2.2673654374440176e-06
ck_73f4eb09af29b1c0,0.0011151968233150391
ck_8fc641b1750a2542,0.011908425128993158
ck_41b954c7a948c060,2.7230364916132344e-06
ck_25fc3010e8a0f6d7,0.0003773148444327418
ck_a2624e0387974e0e,0.03858882946804259
ck_5cb9d7b2329d5ab6,0.0034524297922727755
ck_6c83aa1d100a7cd8,0.2377798214817998
ck_67025c64588abd1e,9.98956723026012e-05
ck_f5dde68f6f0468e1,2.8420323139388952e-06
ck_46bfb2cfc29a6d2e,0.0005802944393786147
ck_49dddb894d33f6db,0.0002688732874589916
ck_f738b633b8862d18,0.00013741218132125977
ck_3d6c3c00d854f5a4,0.05396502054001001
ck_cdb8061d8d1a6c5f,5.2088011826828215e-06
ck_5e1b81848718bdc3,0.0006813638219567813
ck_8def763034187436,9.42989601350128e-05
ck_8f8e4fb9c6190272,4.459059390835319e-06
ck_368b968b5f33431e,5.7104353175605305e-06
ck_ba7e347251ea399b,0.002338352319691122
ck_9075432001a64e75,0.002759673424941251
ck_73c5371635aca173,0.9936024408122099
ck_81793387b38047cc,4.1850583081520865e-05
ck_0cf220816e320ac5,2.0404561575094545e-05
ck_820219bb9c761b52,0.5188744495308736
ck_70a932ab39d86a24,1.066567515111779e-06
ck_2c4be237a7ed79c7,9.155435572546013e-06
ck_acc764b49ef02826,0.16192053816000646
ck_74c3c3452e4e7cce,1.3488766236284729e-05
ck_34dfb57e5bf31d2f,0.0005154862577606972
ck_6ec39903f765956d,0.001027298897698523
ck_5986119e7d81e831,0.0006294568442707575
ck_2ddfc948b8eac752,0.1592129850942815
ck_921ff5ceaf40a968,0.003040316395050916
ck_fb3b68b4424b5f92,0.14363495586899935
ck_c3db1b3ad4f16679,0.0001254424798484943
ck_124a197be41687f5,0.0008340340109100861
ck_c58d9151834f5bad,6.848947947248837e-05
ck_389607982eb6b701,0.9793730506841508
ck_fb0c138c003e933a,1.2135914680512816e-06
ck_50d0bb7edd8c69c0,0.0194455815158758
ck_c6cb651149dc9a8a,4.91910096726907e-05
ck_81e21354e477eceb,0.000510199474864474
ck_7696e38b3e4197b0,0.0002038771462992926
ck_586001d3ed9e7fbc,5.74098239001192e-05
ck_bba413492dc46f2a,0.0006165707466057595
ck_95b894380ad2702a,0.0009132032893155464
ck_277621473369614f,0.9999998020535709
ck_a50621b5eeca84b4,0.0003880572861732405
ck_bfa7ba218b988cde,0.003248723175608036
ck_5ea89567dfe78e4b,0.0017864696900871599
ck_6c679602a6476ab2,2.020511020172871e-05
ck_d3885e286b3b11d2,0.0412456705553241
ck_cdcf6671b37c9c92,0.0012066263121963655
ck_b5c93e6d34f8d366,1.2764659646859903e-05
ck_c24f61925dc158d5,0.003505778128553995
ck_cd09375e6c81d2c4,0.00048491322653255135
ck_a95afc7a00303a26,0.00714077736596121
ck_8e89ca8b39f3f8ad,2.8267857405518175e-05
ck_9a84b396aada3fa8,0.023790001541622904
ck_5124a2e415384945,0.012786618128289432
ck_d66bb1f063357f99,0.00034489048599951525
ck_0fd9312411b0ac55,0.0005145030731140966
ck_ad8cbe6e27e47ede,0.006570684443745542
ck_8398adeaf41f9cae,0.00042020293026517175
ck_dcf851e7bb5855d0,4.724591876499838e-05
ck_9affb0f26776b642,6.335927172390245e-05
ck_f0424b3b36bdbef0,0.0064440292557751445
ck_66746d1090d6d9e9,2.2410670176160417e-06
ck_e5f8c8a5824db594,5.218183397991236e-05
ck_3e91dcc209431984,0.0010709971962802932
ck_126a82e8d42e5ce6,0.000310801928479747
ck_38e4a74ab256e2eb,0.00010005779824954274
ck_1225a97fc413a419,0.0009773421839304576
ck_9b5ec0f78e160e65,1.380032811253478e-06
ck_7c5529bcc079600b,9.271584574218678e-05
ck_29640fc2fe81c251,0.0004738922668206219
ck_160e9ba0a3f7c1fd,9.804449522960284e-06
ck_bff090cb4ab76b9f,0.00011880424652695209
ck_aa06ed358e43db69,0.0065916921930202245
ck_7264486eb512d84a,1.626372472098207e-05
ck_f5a32e6160b28379,6.127476475113e-05
ck_4ba8bec14c2217e1,0.0011545149091958364
ck_610815786d729d2f,0.00011820513809807961
ck_e267999226b6321b,1.0977281601804021e-05
ck_f3996a3c8eea1ea0,0.0004023516998146017
ck_e9b75ed7567a3f23,0.001664952256191015
ck_d21612d48bb4f7b8,0.0002024670813096206
ck_1f871df76c6a995b,0.003771462300148351
ck_953bd5de48ccd70f,0.9777676686745471
ck_02a9104419a6dbaf,0.0026330724521477517
ck_1eeeee651e05d535,0.022450482805927683
ck_e2ab04136a442a98,1.4338688396375482e-05
ck_f0d806624ef3d359,5.636356953662036e-05
ck_4b68b38c1b3326a3,9.752245188442452e-05
ck_74e60495f8861156,0.002496419185438125
ck_398f3f4cf05c721b,2.1727515095716366e-05
ck_f761b7650a0c1a85,0.00010920819936890981
ck_7dadef33f5e2d94f,0.9992814271011504
ck_6ff6883633b8c7ba,2.89188441264434e-06
ck_4d2159603045109e,5.857875473699696e-05
ck_a38bd07a5fac5c9a,9.498084893294665e-05
ck_f517f06551e69507,0.00025732998765720314
ck_a7ea00a1760ad561,0.9999907030855048
ck_31fc51d5a3dfe16a,9.143133963822389e-05
ck_bac5233623b25ca4,0.0009324169417001704
ck_385188ab27784fe3,0.006418649326132103
ck_9947a323bab5cacd,0.012603587846706924
ck_7973edc9f22ee7b6,0.0013314533977566516
ck_f97c477986043755,5.403160645046261e-06
ck_1a3fd2cc4b4de196,5.29180897761964e-06
ck_e18ac29ea62cb435,0.004683064041334669
ck_9720a472a3e0140c,0.00010896670472889269
ck_668c7fc7d7e47c0e,0.0010038606644207195
ck_214af0806470ef48,0.0003504556897795284
ck_a46c1773f01f0be7,0.017434122858024564
ck_f2bdcfb4203ffdee,0.005235651017596569
ck_40e84e6ffe788a4c,0.04826935629715814
ck_dfc6f5712d8d6678,0.001652079864573984
ck_01ef1036b2e66a4b,5.021717899682733e-06
ck_3acfec10eec32f9c,9.33196194673447e-05
ck_084a85145c15ed77,7.2830881397853275e-06
ck_fcdb4fe2f095fba1,0.14676896284548127
ck_023908db0a193076,0.09915832681277606
ck_fec0ff92fd622253,0.00014329193511140886
ck_c009c97d5fafbced,0.13466052750006796
ck_eb9f0c06ee017ee5,0.005826607876025462
ck_d7792b429620fc24,0.00012198266881456002
ck_5e9e149a3b69c726,0.00012774484736050924
ck_ce927322ef8f651c,1.763509232601871e-05
ck_b8fd61a8e82bce32,0.9998451349922641
ck_9aafc33fba1474cb,8.274944940502489e-06
ck_ce81ff9b8b35562f,4.472461268945025e-06
ck_25bfca1d8eaa152d,6.316379846014694e-05
ck_170c65860e2a7e23,6.022639602828437e-05
ck_952da7ca9f33decb,0.00012066684738764798
ck_1ebd574406235957,7.062077548529042e-06
ck_589109a188adc2c1,1.7294836725987336e-05
ck_f0cbd5383bb07778,0.0012555627171363392
ck_242521e261148fba,0.00019978247919960311
ck_509cece86a558de4,0.00010385843397437668
ck_0dd7c5925d28755c,0.00023353010593467794
ck_a7e669cf1c3985aa,4.620294893937086e-05
ck_acb84dc2351eeb76,1.1179706744464825e-05
ck_b837c7dac2a9b931,0.01711402867242357
ck_18eb1f9181f95df4,1.5608649362325494e-05
ck_b0b9047dddb1ec84,0.033897799599480374
ck_43aa136bdb0a2832,0.47083658559514574
ck_3e47f8c56c811700,0.0012958514348923012
ck_77c587d24695ea15,0.0001996120681647442
ck_20578ac693ea4e93,0.0011175872799682703
ck_b9f6040eebd1605f,0.0004250937076934805
ck_ca9d86f65cfdf018,7.00901341400143e-05
ck_a4fa8833995c716a,5.408504811311703e-05
ck_f589f1e29301b5fd,9.591974369798758e-05
ck_961ddb8ff55d868e,9.54612586118519e-06
ck_5662492a54e6688b,0.0036789029037364303
ck_ad48826c1c26eb78,0.5456281805580104
ck_621c9ddde6bf2eca,0.0002467648190414003
ck_417a3500b2c717b3,0.0016039289743477322
ck_c7e129058beb3ac1,0.008734533443101804
ck_ec1c902b9b9b9c5f,0.0014140132468815321
ck_317360ec0a67d27e,0.0013701832312040824
ck_3e3ea5d8c4a229dc,0.01491667341998514
ck_d11d27de7bf0b973,0.7233991372851519
ck_d37d56e931105db0,2.6311211824696068e-05
ck_4863077723cd6ce1,2.1070905734813583e-05
ck_479a065d5903e9c3,0.0012941197068975121
ck_e66ae4fd586fedea,2.9746222818640684e-05
ck_192bbfd0d5720134,7.076574507398022e-06
ck_3b436cb29af99f3d,0.00010912391636625361
ck_7c7ca54969eed187,0.03621499834896829
ck_826ee896c9f1144d,0.0035101926559670334
ck_ba1f6dd43fc8a0b1,0.00023998526469492607
ck_49685deb63e4e8f8,9.674680705974279e-05
ck_687ab5d5554bfa79,0.0022326879005351128
ck_41346ccd9242cc8f,1.246161500051346e-05
ck_8f8e5e2b9dfec3d1,0.0022592002732454495
ck_94d5ce61a0c50465,4.111495414254572e-05
ck_6b954c75aad8c012,0.00011840199371962948
ck_748af92828c9d288,1.9872856482705612e-05
ck_dddd14091ce812c2,0.0031824447268343336
ck_723323f6870fab59,0.0035776766504116504
ck_dbdf8d0708cc6718,4.159981171604679e-07
ck_f04938570a154de3,0.0001795081587955704
ck_58afa1550b3b5294,0.0004818278143303901
ck_3b150afde386ecff,0.00010109705910174959
ck_666b95e75d99ec4e,0.9771957773910449
ck_e00332597cf1eb24,0.0039539397734421255
ck_9a9e3dac79280d7f,0.1172128837245947
ck_e8d37262e859d9a1,0.00014009928660570098
ck_895bb39d24bc1c4c,6.414179946332507e-05
ck_b367449195e36499,0.00047664058477595587
ck_d23f9a50d1135ce1,0.021216274492111088
ck_670dc4910cf476c2,2.936658475195588e-07
ck_3ecd8a5ce65e21ca,1.2600619735376811e-05
ck_8584fea2df4c6317,0.015416285260514903
ck_0789ff4562202b20,6.325465402812673e-05
ck_749e0e50c3907be8,2.0842481720977177e-06
ck_c3ff6790cc6d7e34,0.0009730702761676281
ck_75fb7e56432ee4b2,1.0282993197760953e-05
ck_529fc3170fd11abd,0.015454607783363862
ck_34a69b3b4a681796,0.006368183652447019
ck_255f0e5888ae9e23,0.0013032326705797374
ck_65be698386474170,1.3400469441544513e-06
ck_5eec9ed855c26000,4.571729966796325e-06
ck_5ab39bdc9610f6f3,0.9168325283467267
ck_1b5b75762f033462,0.00017829797603649257
ck_d3e208671cf37f91,0.9995898569408932
ck_5068ee554ceff971,0.00458175889840859
ck_d7d50fb57fcb2d0e,1.0828746888805496e-05
ck_ba6e1115fceaa067,0.0003547557982910568
ck_d07bfb16a4a7dac0,0.9218579024338567
ck_ead68310311690c8,0.9908592802512556
ck_ee53ce862bc9c111,0.03002433339660561
ck_97e56e6037024dff,1.4473529833704783e-05
ck_80b04344c98ec072,0.00042311601047603385
ck_5954f45a2ab45f43,0.013963945056820666
ck_18ddf7e836256e3b,0.0002163801117918555
ck_89a1a780144d808b,0.0007468820598736971
ck_a7331e8b808c39aa,0.0026091166585764216
ck_a1fd0ad03ff9b776,0.4973485541386728
ck_c0cf50eef030b401,2.315389516879172e-05
ck_074f20921189e7d6,0.0003233585908874163
ck_e2aa7be60794593d,0.15267651224211504
ck_72771757dfb7f7a8,0.0010128836833157226
ck_a9cd84a6dddfe584,0.0173648037686431
ck_142c00f9f8557504,0.0006100042274206078
ck_221b5d40358230f4,7.598681519854518e-05
ck_a2d7a563f520b7ea,4.788166667925741e-05
ck_66cd34bc568d95e0,0.016873800760312703
ck_a17128972d3e507d,0.0016016428573840682
ck_bda299466bb2136e,0.007879644055522758
ck_2b699066665abe8a,0.00023479515437455005
ck_0ac9848bd4ba0c14,1.58625365107302e-07
ck_98d2f9a6ba3a3077,0.9857462326189107
ck_a872df31b28a5f7f,0.16074281088710668
ck_7e73e1d44ce82ed9,2.6750278244722665e-05
ck_1a415416f620d49d,0.0001356309579895041
ck_c95c786d2f8b8edc,1.9091249869510857e-06
ck_e45012f22b7f91d5,7.994847206794177e-06
ck_aa0b083e2a6813eb,0.002813206079217725
ck_4666232ddbf77756,0.0002218151212397982
ck_e08e9c8ec5f23d8b,0.006057128753270946
ck_31d4c0518e5f52c6,0.00028617619866724674
ck_c1ab40638f04cb02,0.00011946385361621059
ck_4c1fdd1669c7cf51,1.6848557046229478e-06
ck_11662cc7940ffc82,0.0100059596841617
ck_2e679af24adedac8,0.00018334065195881684
ck_454b9e21b7f25a4c,1.5108722899765102e-06
ck_355c4f29089731e8,0.9798572524668782
ck_507e40760a24d2d5,0.000648244832253711
ck_0943e0f305078e34,0.9999875773533657
ck_abc54ed7111e9ed1,4.457520532649666e-06
ck_a60fe02fc04407a9,0.030651915241765717
ck_244b897bb4d57c1f,0.00014033811863438828
ck_8c84fcde93a04334,0.009527835814417409
ck_9eea37d2de633b27,0.00017904131297595565
ck_b2cb9e6610eca967,0.00013417569365770362
ck_09aadb4c41b166f1,0.07469944121291852
ck_8d94fbb4828ef326,4.725243011775365e-05
ck_089e3a07abbe3b8f,2.9434608984692475e-06
ck_dfee9de05e3971cf,0.0002688743927708599
ck_6abf8302ce052451,0.0041004124897093845
ck_6ffa90143838a4a2,2.044443667514205e-05
ck_325caeab5c7a9c3a,0.00021788706188270002
ck_1964ee9db929a173,0.8433486710892325
ck_942b95988a6245a6,0.07320898224539749
ck_913ecdeeb8e21a9c,1.2958727366289217e-05
ck_ecf9794349eb4b3b,0.044449188848669795
ck_b6cb8d6ae828eed1,0.02381400589277537
ck_2f82ea66c4f53b33,0.0006531306004178098
ck_6e676daa4855b58f,0.00013039058747011395
ck_2a37fef48b44e9c8,0.0006359337085219539
ck_3bd12d468fdc2450,6.827060766724968e-05
ck_1a28b6a40a6bd3b4,0.0009540282357814157
ck_61b79dec96d15713,9.938841907570905e-06
ck_31d5e3daced93d3c,0.0030770940422503853
ck_e6c8611c0cf233d7,2.8593730654410773e-05
ck_f04761b4a937ac3b,4.954659754848425e-05
ck_38c1c75cf055031b,0.0019085878621293198
ck_59a561f3df01441a,0.00015122567062183696
ck_04e40f556a5062ef,3.100485237148687e-05
ck_8409716d174635b6,4.32076238034581e-06
ck_3019afee83342701,0.0036900604631315186
ck_b51a58e7f032c9a8,0.0001295176774382851
ck_5043e474f848346d,0.00593336540520756
ck_4388abce33ecd01b,0.5569185528236104
ck_c93def7392f0aff5,0.0022105903640248837
ck_72e7b1acc19df820,3.423282234145369e-05
ck_f253130dc3ca5b3c,0.00046557241985655163
ck_eb264d1b180d4b4c,0.00024187982097807133
ck_c2504f5a113433ee,7.5728284087585395e-06
ck_c16ab1e4dafb4910,0.06950434301140956
ck_4bc42878fa180991,0.0007893935055018447
ck_1c771a7c78f6622c,0.09648690640643712
ck_d523f0e50a2747ad,3.195971483455796e-05
ck_9060f4e7ab7a1b0c,0.021256292478685903
ck_6b55ec4e87a5e22c,0.03870706874907279
ck_55fc62a5f89a7251,0.0006616719672810609
ck_bd2545c62f258231,0.032424665903873565
ck_1ccdc69d0bb712b4,3.6262904214061385e-06
ck_710f867a3bd5898c,3.370680023655785e-06
ck_f91d48c40337d375,3.323283037223413e-05
ck_f76d929541ed41dd,0.009874504648743862
ck_e26a6659c237b650,0.0031499737145845087
ck_184983177b73dea5,0.0007216643448460302
ck_6d0d081bfa8a0022,0.06704400975584501
ck_2f6e64f638da0f97,5.797666771133289e-05
ck_15b93103ccd38609,7.030337040811433e-05
ck_094d10439b7b4eac,0.00010517608198389638
ck_d2ca47180a926ba2,0.00014937911687899216
ck_a69ca7b9d70972bb,4.4038721460475374e-05
ck_68914e67343a7d32,0.00010915942210415176
ck_8176616132458c0f,5.289214339953007e-05
ck_eee99af3598311b8,0.005803045901432303
ck_94410eedfca91304,0.005059865537097225
ck_cfb11a0a2325bff5,5.8851217996545724e-05
ck_75217ee144b715f8,0.00021561768520560954
ck_d56fc799542299b8,9.302221535858046e-06
ck_4c352dd3e7c81269,0.0012874860401762725
ck_e23e50e02cb3904d,0.007429464467763252
ck_b921af37d500e139,5.9186776889245297e-05
ck_82181b935360dcbc,0.9999928774978947
ck_22a7cf3b99c5e5fd,0.0004223189600822559
ck_f67ee7910d532216,0.0002934315909341892
ck_5f48762a14a0326f,0.0005015106116503826
ck_1757fcb0e6e3f88e,0.010023718648031792
ck_2c2f080ba185016e,0.02244165074119235
ck_4c25570eb72711b8,6.822995695338447e-05
ck_a3be871ca22ac416,0.00041846439768511044
ck_ab70961e7c6695b2,0.00042212732936669614
ck_a1cdebfc42a52448,1.8132935719297427e-05
ck_f1b80b821a20186d,0.0038109680930568063
ck_ae668e4564cd2aa1,5.188356410365737e-05
ck_0e2bc3a5afa439d8,0.00627410049588667
ck_3dc378f37d0b74b8,0.000365025786700922
ck_9f9555197480d1cd,8.631682201337229e-05
ck_bf4e7d48770a4a8b,0.009162345082579846
ck_614ef655f0685060,6.459023916994526e-07
ck_04d2ea38ee27770f,1.9487227465345005e-06
ck_e03a9d8ac94161d5,3.220486461718123e-05
ck_d4007b5b26d9d854,4.667526937518305e-06
ck_2dd147ce6d61749f,0.0014884126963533649
ck_ff45764ea7d6619f,0.001377131072823216
ck_dbc487cb0a6c18da,0.9996891359700577
ck_791d5392bbd80447,6.977567085521934e-06
ck_b4068439c413b150,2.347208193091765e-05
ck_85df7b7de9700aba,3.6872452136688334e-05
ck_001e42551cd06e40,5.253566764217552e-06
ck_a6c02ae50932cd9d,6.245417246945038e-05
ck_9fd0be2c018ff5e4,0.0009025995804439131
ck_32a495128395fde5,0.00027960394990624894
ck_b6f2a2fd232c141b,0.001592563354840664
ck_28dde633692904b0,0.15612917072465152
ck_a1a93c5f375f6021,1.0504221204164465e-05
ck_e3982142336782df,3.3222798649592445e-05
ck_a9812ff3c111ea94,0.006182058382424212
ck_f04062216f95fa00,0.00021559785643800397
ck_7c560467daca735f,1.4209456585639736e-06
ck_76ee10d6e2dba70f,0.007643449620770219
ck_3521243bdac61178,4.2590536160065805e-05
ck_28588fb03b320520,0.0007086660718860455
ck_580dcec33ec232b8,0.0006999785689234041
ck_7109923fd7dab20a,0.00034678702462233465
ck_7c872c99481c1e9e,9.119300454616658e-05
ck_46f4e1f5026f4d1b,2.6141156843498198e-06
ck_00d1ebc31ec4653c,0.00026393232207470044
ck_aac70764dde15168,0.022358674152682865
ck_648c03f9aa4e45f1,0.0016088580278704205
ck_5478eb69ef912785,0.02150373027628889
ck_79b8523137bb2603,0.0001342770975071711
ck_795c49f312640019,6.662507809789448e-08
ck_89184bf7b7fe41cd,0.022632021694430446
ck_97d4bd922996fa10,2.0659230999751794e-07
ck_1cef30d08f3a598d,5.596258640141001e-06
ck_2f9fd36a4a40a6a8,2.023072683401828e-06
ck_40780fc0f8d6f309,0.00034591810543698924
ck_9083ca9fec2a7f4c,0.0016657992511410324
ck_62081bc35aa59931,3.4238831607613955e-05
ck_2e1b46c5fc56b863,0.20519108248578033
ck_3d139692c51b604a,0.017550862848189696
ck_b5e54e22e3d6960a,3.650040938376011e-07
ck_c0c4be3f44311b04,7.061368442735946e-05
ck_82a8bdd2692c2a5e,1.2147570453279184e-06
ck_bdd2da300b530c5a,0.00023705956228519588
ck_ee40498cd97183d3,5.782050388754719e-05
ck_70b9274473bd6dfe,0.0001879086839760241
ck_473d6314ea614b29,0.0003628314381025718
ck_7443d6dca8cd1352,4.048313478294646e-06
ck_3b49768b448b071e,0.011579358006375438
ck_b43f04431c267dea,7.592125548295399e-05
ck_4424a5223ba2fe00,0.0030003170582321155
ck_819bf3e8231f4081,0.00017682819576964403
ck_91d417507a8c58cb,0.09202697513842371
ck_e88e86b19cada4aa,0.0010709287206132625
ck_59684167f9c6bf4c,0.017882595858640698
ck_d5f5b0dc97b9dc27,0.00031305273749486224
ck_13d1b192bbff8f32,0.0019136793232360928
ck_b21d8630387cabce,3.8071146228954864e-06
ck_e4ac22046699b99f,0.0001302821102268256
ck_74b848064f2ff45d,5.41236770529176e-05
ck_166aa980cc87fa77,0.0007396734920805307
ck_98e337806104dd88,9.137022406485757e-06
ck_66eb09be007f0755,0.005026902397297145
ck_3ec9b9d8dd7be11c,0.001903012810461459
ck_8b8b9de339d75d0b,0.0009022776073687921
ck_6715139e240007d9,1.850889588133166e-05
ck_a0255ab46e122d2f,4.122767883882643e-07
ck_66e81a4190c33510,0.0002297181059913877
ck_5d75ea4f5c9080bc,0.9692762274287127
ck_df69858b8a8b3165,7.839914344331141e-07
ck_e15252ebd7553422,3.455682208213952e-05
ck_34d6d74bb3ed11e5,2.7364478989134083e-05
ck_c2608f78f6851d10,0.128423580183949
ck_bb99071e8f58c8a4,0.4904202385140678
ck_06010f0df5b7cef8,1.5067878998514375e-06
ck_8c582eb0f6c0148c,2.09719068865662e-05
ck_0034d010d28aea78,0.00010652440990651774
ck_01c1f06692566ca1,0.0002489756891819816
ck_4807726e797fb893,0.002423343639077027
ck_edc9668282e3c8cb,0.028325955790478145
ck_5486768475af7bb5,0.9899770092334939
ck_3fb9813849e51837,0.00023812194970094377
ck_861af5a9a9a6d619,0.00011674950404139439
ck_da39653add0f1109,7.00201659543207e-07
ck_74a4244eb1f162e4,1.5693895117312094e-06
ck_9a930faade55b8ea,2.4819147275231006e-05
ck_fb6e06ca88519dcd,0.0003173812542738224
ck_9776cd8263a9f415,0.0002098083450568308
ck_b3dd1198ac5aea73,0.0007256176252841923
ck_b6675a04df1a4276,4.773746427293855e-06
ck_5c7ad6e731b69333,0.9787405104869328
ck_28dc0fdbaec00580,0.012397776589014945
ck_8e7a32f7e3905f4e,0.0018696288463385768
ck_8563fed6674afc77,0.002027672522107326
ck_9a2fcccb82da663e,0.00016327271329308546
ck_6a519bdac0d94527,4.197859652398861e-06
ck_a0dab7aa9c4a39a9,5.555868336070369e-06
ck_a3ce05e9e5e32142,0.00581046483104653
ck_7a7e40ee3f97c035,0.0029010348991711176
ck_9e9a830785112a73,0.004663740923878542
ck_ab1bb02f6b189304,0.8234281375279071
ck_7b8cb0f90fbdc8c6,0.0016816807410391964
ck_b138fc249e659e60,0.00024268739856132506
ck_e73caa3771ec5e0f,1.1773819676359265e-05
ck_18a55b06ccccd88b,0.0035488079931424933
ck_fdcb1d9265d8fec1,0.015149067893319618
ck_e21a900556b382ad,0.0012236880019338445
ck_c6bf67470f526771,0.011602914443772906
ck_b568ba3837afb39a,4.338726687017635e-07
ck_a2858979dd5645ef,8.825329528214578e-05
ck_1da9d40837ebaa57,0.004258921486910569
ck_9341c7959543c542,1.696995579580393e-06
ck_c8ad86806b9a2369,0.005961972077052573
ck_5c85d93ecfed4b0e,6.7602502626212196e-06
ck_f07b09879d697b82,1.1152581009976791e-05
ck_fe43da07608b1749,0.0002935831201437888
ck_4bca22b5926b9c28,4.4990846263865815e-05
ck_aba573aa942b1d41,7.389676883026162e-05
ck_57c14e32fa4683bf,1.56924672815392e-05
ck_891530b489ce402b,1.027839240134684e-05
ck_5e74fdadb93ff293,0.0013762012796813656
ck_14436a409ebcc90f,3.7082218847138276e-05
ck_00013fdfa0bd37dd,2.361188758704941e-05
ck_7dbe24ba01316775,0.006920788892009273
ck_0e3f80c1553c591b,0.005654889829280797
ck_3edc45db58760d76,1.0417284233788766e-05
ck_29076a13f539187a,0.16649125068649706
ck_b1e81b58b9a545ce,0.009625912439918127
ck_3f8571d4f7420b2a,0.036589597969307996
ck_7dff6abe4bd644dd,0.9704670096007854
ck_2884bab237af16b7,0.009288269523408905
ck_231e6dd1fe708000,1.6805000086619452e-05
ck_33ecaa7b892e73df,0.00019729291823497385
ck_b109ec4c63503030,7.12949440380936e-05
ck_a7f522382509cef1,1.0577303661581773e-05
ck_748b3ea941d8b3b9,0.00014943309409456109
ck_29f3a1737a2d9634,1.5427772699256013e-05
ck_cee8d42475a0f020,2.376694329910462e-06
ck_c6b6ebe145a8ffab,4.718271866680375e-05
ck_21c99e1d6b881894,9.797254375328229e-05
ck_5ad798286384484e,0.0005000593886829619
ck_b621b6ffcc7f4848,9.07102752114289e-07
ck_ea819e337233475c,0.4920625750698394
ck_9e3896c2668ce06b,0.008240757645110194
ck_501dcf1ead036d2b,7.003028677259404e-05
ck_8d5eda29a2cffa3c,5.719221133190501e-06
ck_4d3aa36ff83f1132,0.2094046162852432
ck_8e9faf94e3e6c757,2.2645226983913294e-05
ck_ce0ec41f96951048,0.00308601553437431
ck_f09165d73ee903b1,7.616529173116387e-05
ck_a432b1bf1d3b3d5e,0.5195304233039697
ck_ea618f720ff0b4b0,2.6876982331384932e-06
ck_7584e7bd755cb28a,0.0023346359830686424
ck_e14681aad43e1a72,0.020398103222594232
ck_5e18870d8e30e379,0.002117329123365885
ck_ff7c26a62bda8089,9.753207164942395e-07
ck_cc5a35175d381d5a,3.8543881131047466e-05
ck_3c25029e40aa8a84,0.00042901113992285306
ck_771247b5bc16c12a,1.1230227008890289e-05
ck_664b5e02759f985a,0.00039586456299943077
ck_692a9e8f504b9762,4.846830553640772e-07
ck_df8ad2deb0a4ffed,0.01381131057122503
ck_eb48c0bcd12ea654,3.2111671164948005e-05
ck_7c77e597c951cdad,0.0008533070822264925
ck_4f75144c6f3b13ad,0.0001211538105435912
ck_1bcff399166d7c43,2.4018223625643525e-05
ck_975c2aa3d4a8c51a,7.361090460223331e-05
ck_bc6f07b06aaa4ce3,0.006003428886074556
ck_80b072b7f3c7e8e5,9.393524983000242e-05
ck_471e4018a23b4e56,3.853015401886165e-06
ck_53cddfba570b4a3b,0.0005861122940393488
ck_630530e50764f229,0.00012987279245838047
ck_dcef7887a4f1e435,0.0026813732058875743
ck_2795921a055643f6,4.526454189302216e-05
ck_7456df89f3792235,1.5863717993926202e-05
ck_5014a3b07e1f049f,0.2958471537956856
ck_d4ec44760cbe03f4,0.0009365454457615866
ck_96810ad39d4cb7b0,3.987291102248777e-05
ck_3222ea25aa29bfa6,4.786896652265252e-07
ck_f6c42001b84a10cb,0.901539626885027
ck_5ac86682385c86b8,0.00033601673672892365
ck_4280c33af57eb4f4,8.25681039596291e-07
ck_05f79ddd8eefaa56,0.001276720801960607
ck_3a57a13ce032a6fe,5.849572703799185e-06
ck_a721f0d635fad68a,3.793912154277265e-05
ck_a3f821bdf408c326,0.00023730647869631472
ck_0ada63008be5685a,0.0008130354869591421
ck_8c949bdc6e8720fa,0.09050895380319778
ck_c0d2c56f9c722e99,0.9986065796229089
ck_5d2b9e6e087b8dfc,0.99999993260652
ck_5217b55593a332ca,0.04678700783467002
ck_7a7bb9be5a7e48ad,7.804986824338983e-05
ck_24cd0d779e866287,0.00039473534082447195
ck_7367917891a63771,3.981631168685034e-05
ck_4b31a8862a857e6e,0.9798996852191569
ck_81429c4910ca46cd,1.6266981037509834e-05
ck_b35d803568f82d9a,0.00028183697584779373
ck_4b00e75c2d2d0522,1.6053929090468641e-06
ck_77fced07f6dff42b,0.001543722111374256
ck_3c9a06eb07c300e4,2.088510761083004e-06
ck_b3867f7f494db64c,6.058556932783728e-06
ck_0c45e54897ab34e2,0.0013392826747923646
ck_507a6a580ab55c76,1.9126323397511247e-05
ck_291bffc7809f896a,4.2530587920682704e-06
ck_3753cc5b9d02e2fd,7.308688950038596e-07
ck_4f63d5245b3ac1dd,0.0017643937936636376
ck_9dfb2ae78659240a,0.00011340737191572647
ck_90f6f5ced708aa75,7.669658990375768e-07
ck_8b5b5a6b5539e39b,0.9874539091172746
ck_4719112b55d20161,0.00018890577207337394
ck_fec888a7108ca52d,0.999995760159804
ck_4f5d022c99f118b7,0.07079764202819647
ck_e967ff05514b697b,0.00809162547774554
ck_839ce35819bfa4fc,3.593913400403435e-06
ck_bdee1221b9addff8,2.4132871029377777e-05
ck_9cde4036d0914427,0.0004729026072692553
ck_5ac959cbcc5e98f3,1.4247792829373137e-06
ck_619842688294dabc,5.93928182772506e-06
ck_7373d7b04c7799bd,9.06705677697172e-05
ck_c1dd3feb9a0b6471,0.0009522317474709338
ck_0324a4812ec319c6,1.952305105229826e-05
ck_7f3685aa2933b251,0.018725812378464546
ck_06aee5a62a67a84c,0.06653823946901002
ck_3428910b44b9d08f,0.008881823633531693
ck_c3ba7534cefc1de8,0.0001613886289855437
ck_1f1273a67cbad5e5,0.975325720122631
ck_124565a11b2f8bb8,0.0008091730499661521
ck_38e46bc861e0165b,0.0022291292634127554
ck_c8ad3f01319c065e,0.07715738117723955
ck_3f94a34f5038f7c1,0.9866262750574271
ck_cee56be5a502fbd1,0.18196386314646068
ck_2b90b76cf4d162f9,2.2458978519508027e-05
ck_884b2e463ff1d54f,5.7798976911723895e-06
ck_fab4f2f8531b4827,8.207923057669417e-05
ck_4fc6256e0e60a926,0.0031405878625288823
ck_0a2f8b2f8a5b6f02,8.968456814281757e-05
ck_9c0deab8a8367c5e,4.00122235916407e-07
ck_d3a2a4c011fa2554,2.229007250851206e-05
ck_4108b4038f762817,0.011783981370722962
ck_4df036e2aa7e1056,4.602005628000167e-05
ck_ec094eb1cbb3efc5,9.753751991129952e-07
ck_09f8f51bfd2492c6,5.243210734800191e-05
ck_b60fb9a10d6f4489,0.003230187716345958
ck_3638bc3388dbc1bc,0.015250709823138036
ck_7a58e0cc9943c39a,4.4613178903951993e-07
ck_37dab6a0a536ed49,0.0349587959618778
ck_adc576690df5b33b,0.0006926012639400685
ck_1383b2b1875000f2,1.2976826530795263e-05
ck_43c1248db37a2eb0,1.2062718325574684e-05
ck_29c11bd68858e923,1.929140891864458e-05
ck_9401f9e11f65337d,6.198195392414471e-05
ck_ce5ed372b1a2ed6b,0.000568509574222726
ck_08b4619490e751a8,0.9974218823562406
ck_44b9125526acb05d,0.00829883926855579
ck_ef1a1de20d2124cb,0.048891872837463796
ck_e5e2624b7fc89774,0.0005539263824771092
ck_f5100511609b92c0,7.451717394116746e-07
ck_64f3bb17101b7c42,7.87911868894446e-05
ck_ea1e5b5128ecba2c,1.1678561036235606e-06
ck_516163fcf04d5e77,0.0017320112968993006
ck_7f9a748110d70005,0.004537328248876338
ck_d263b55f0a681cce,0.0004671807589409576
ck_0e962eacf98a813e,1.5444490420719707e-05
ck_0406931800e0e2e6,0.0001515201214859796
ck_0e9b982afc88a3a9,0.9998380178431614
ck_8bbb625384edebd7,9.858709101776029e-08
ck_5eaeb87bf6207406,0.9879444137980743
ck_cc3318839c4b0745,0.00019162976972321273
ck_08a0355d1f1890ef,0.000566388700034069
ck_af7ffd1a822460d3,0.03589467193340939
ck_2a09c7aa870edb6b,1.3517462963407185e-05
ck_bc04f51c23290bcc,0.00025661881037846655
ck_d3a8333cb389f4c6,4.473360226803518e-06
ck_88e3dd3039508332,0.0069321882660883394
ck_b8c7771de9b57705,0.00010188318416646093
ck_585ababa02383b50,5.493308895951431e-05
ck_e988c108754cee9c,0.0007769758876064597
ck_4a691892d9d6cf89,0.0010498362677437971
ck_7cdce37d895eefb8,0.002310582923537519
ck_483fb981a1fb4317,5.0826293847787544e-05
ck_c1e5182bd99e0e35,0.03293762525793778
ck_9a1e3ec9a1839939,0.00024362081390612625
ck_5c3f13de0dbd5086,0.0004260781272006906
ck_f4f6f0caaab70040,1.3103490453797426e-06
ck_791be3378dd7d64c,3.494426371237206e-05
ck_956dd784525f5886,1.5119355629943182e-05
ck_098167eaf124c279,0.006232284962271997
ck_33ecff7914349ebc,0.0007189677251804108
ck_e05d44e46c7174e6,0.00016169666740317834
ck_1b2ce474fa6582b4,0.007709189789122032
ck_ab581082e8f72e3d,3.7872368504090956e-05
ck_e63256667aa19070,0.0001887069123222741
ck_f568772b6cb3febe,0.000825028176367399
ck_dd89a282375bbab6,0.004073503038147182
ck_a39d0bca345b492d,5.2552286315539814e-05
ck_d12d2924d0f7a64a,0.0002864341834581888
ck_6a548da1728b5823,0.999997681736936
ck_6d64193681d2a94f,0.0033083567918093743
ck_ced6b6dcdc7c201a,5.0542774055038435e-05
ck_d1b0699d26282871,0.0004092725122003991
ck_58f757e40a9b8877,1.8256938025934203e-05
ck_3272c2c4a37d5220,0.10908960286632413
ck_d94dfde9e03c9d1a,0.0010273377472398177
ck_08a6d4903a7fbaca,2.4899658118831018e-05
ck_6c72a36b05fa0f4c,0.000197996924009151
ck_dbb4bd4eda97255d,1.0857192721366155e-05
ck_94b59bbc824b307a,7.461222995389096e-08
ck_0229a07185f15469,0.0018469244765005406
ck_11bf1039f8b3025b,3.2212903274349776e-05
ck_36789ca11459131e,0.0031148396700563627
ck_8572c5f5c1447c62,0.02792829427361592
ck_9e75c6641939f4fc,0.015934142386976893
ck_b45e47c39d4dc7bf,6.162743613665335e-05
ck_02903c48b6cfd65d,3.283439184036632e-05
ck_b153386f1729de81,5.106498071003703e-06
ck_36979996f33498f7,0.12713757119862557
ck_3c02d4dbbf6716b6,0.0012976358643368704
ck_66c9a19963957531,0.005467755238327296
ck_bae8dae7cfd8baba,1.0867251761128452e-05
ck_bba0ccc6cd968680,0.01590362728683887
ck_3267fe3aac05c71e,2.8672244698999337e-05
ck_40052cac10562cde,0.00011166704176261335
ck_d973444855403e2a,0.00012245356496299218
ck_012519bb095ad36b,0.9999980669624501
ck_ad7c256ea10c4a00,0.14255005240640606
ck_70a60e095e9b706f,8.292665860350544e-07
ck_f2734417c0db4ee3,5.52113344297762e-06
ck_9cb89cc3178e0172,3.811121353275814e-06
ck_779cc0f2de4d5488,0.46927177300062467
ck_35f8656bf93e3b3d,0.00011234811358010858
ck_bdd8eba728800e29,0.17755912963909024
ck_002cf760d173f0f8,0.0001547895164114619
ck_b046067c6ca3831e,1.0094210223133355e-06
ck_a4a42d4bff8af645,1.551367361229132e-05
ck_bce253d2396681a1,0.004104398853889903
ck_00dafc060c8de32a,0.0001100952132930345
ck_968a99e097ee78c9,0.01134341715261125
ck_66949171b387bb93,0.00010295435063296006
ck_ad305286702b1958,1.7637520353970735e-05
ck_4732da7e0d2dfc7c,5.208439919288179e-05
ck_17a95bba77217d85,0.25158973282445374
ck_3e2516a3e35067e0,0.00034076681805208034
ck_0b615ed566da1f58,7.44623894554416e-05
ck_d2b3ce1ebabe9f93,7.38912445590208e-05
ck_a892252e4e0c2828,0.0005595433857926156
ck_cf606fd6ebfdf9bc,0.00018396925555520254
ck_718865237134ebe8,3.0942940605241674e-05
ck_878522cb775b904c,0.021889328316793046
ck_9ed53de6ef779ae0,3.1526553376394624e-06
ck_3f16e2cd7e6874cc,3.659167799808825e-05
ck_3c59df37895ead2d,6.157526824424449e-05
ck_6821459b626d492c,4.0759022795221193e-07
ck_11c7667920541587,0.0001043346401194264
ck_23a016cf6b98d89c,0.6752546345161458
ck_7137eeb394d200f1,0.0004663403912516242
ck_9c4886c5c90ddbdc,9.014654565708332e-05
ck_1422a7bf7756294d,0.9997145800202234
ck_7ebc5fa7f0d3b8f2,0.001056544406968463
ck_fcc2059a8d5c41fa,0.015857684206962236
ck_00ff7389d6a83e29,0.004815878447822074
ck_03129b41457795d2,0.0030506447588083303
ck_38ba64efa7c38250,1.5994504501133452e-05
ck_57a6b56b09bff24e,9.368525184917279e-05
ck_e3b3c5a80a567418,6.671718046501201e-05
ck_fc40a16adfced018,8.934504525909892e-06
ck_9d4b5e6b43bad4d8,4.708335567698582e-05
ck_61129937ee466b49,0.0001705263895730477
ck_74112e47b8629c2a,0.008594710796137653
ck_b4703ee97f94d7fb,2.149860763257066e-06
ck_e560f720a988d8a2,0.46600764937828215
ck_708fea345f68037e,7.398773407826554e-07
ck_25394c1b83e0b803,0.004141874574650793
ck_17ab24fe914ae44b,1.9821491914800986e-06
ck_16c501470d9bb006,3.025691506335691e-06
ck_628f449e248c19b7,0.0035930876958935143
ck_6d64190623dea714,3.1965075669206716e-05
ck_504a45ee08db72b6,5.576113654580711e-05
ck_6cbb011e0c70bc7c,5.055657104223295e-06
ck_b3225a98acd04f83,2.1214797775625072e-05
ck_aa37993f1c17cd1e,0.00018892212478136076
ck_558cfe5f77a55a9d,6.420152210161419e-06
ck_0d0a1a021efea5b6,0.0009094144450596034
ck_daf7aea023b7a8f6,0.010582121175353025
ck_d75f25184ece2b51,0.00030587071373446007
ck_466d4b5366c50b98,0.0001238517341543491
ck_88f27ab479063852,0.005453910895363572
ck_66779098e78c1760,0.00013877293247635154
ck_b150fe4efb449b05,6.763896589848564e-06
ck_9c3aa9f23d01fa1c,0.0005081941132865177
ck_6a01c375fc26705a,4.1390165321441665e-05
ck_002eb6552b504ea1,0.002064130084125068
ck_affa5aa0bff9bb0c,0.004619910800612168
ck_027614eeba8b1a4b,2.688516974469343e-05
ck_67e075c982add719,0.00017815211811972483
ck_399b0d510be98bd2,8.690415293306893e-06
ck_e9b0bca7368555ef,8.025069626640694e-06
ck_59c29d9c57b4f994,3.374862292740325e-05
ck_37176850ed68831e,1.795126181753836e-05
ck_a0db4ccca08030c3,0.959093790667758
ck_aa188e5c25f7f42a,0.0003746115839356182
ck_7de6997178207800,5.161684827633477e-06
ck_c729d19053387be9,0.025305442806973957
ck_f2d3e3d90608596d,0.9099123624743795
ck_2db3fb565e0211ee,7.800266919253542e-06
ck_bed8a480e27e911e,0.00014855887108752066
ck_d7ad9921a4d25926,0.00012751461722552802
ck_2a59f23fc5194699,0.0952954658880146
ck_63601a58a6120d8a,0.0002811287228632874
ck_efd7b9e22c6317d6,0.0012054469317503817
ck_9ab42875a0f95b43,0.0015567787468607592
ck_85cb5033fca7c846,0.0005031977309132802
ck_5249b223000915ec,0.0037329628472655457
ck_3efb0e9bf25612c7,2.7064319451056646e-06
ck_678e74532ac19700,0.00021796123853553748
ck_a980b296c95153f9,4.7055672266207474e-05
ck_01ac687ce0d696a7,5.42491102214159e-05
ck_52e1418cf1aa9871,0.00010354767016406037
ck_7d28da4f1dab09ee,0.002269712112125728
ck_010d0c2e6c1657fd,0.027723061772219445
ck_b524f7a2e752b9d0,2.6383687661464346e-05
ck_cc447fcc24a0772b,0.09084623421557465
ck_2cb3c99845e572da,6.4036220178653235e-06
ck_604c710141327a81,9.30972135233773e-05
ck_8d5fa65717d2e0c6,0.00034766968322856633
ck_31199510b40602a1,0.00019839172794183603
ck_49e253ea12f4e922,5.8915532659468e-06
ck_780738e0d71e7e43,9.215658893505497e-06
ck_2cd21137a07fdd7d,1.7531094869862226e-05
ck_5e021f2a3b66e256,0.014679363962025859
ck_efbc79246e32c66a,1.4139024069774846e-05
ck_9951bd806c13c7fd,0.004210127217299306
ck_7a52674e2806d8f5,7.781596726783884e-05
ck_1a319e509f1efa1a,1.2571004979852393e-06
ck_c920901b9a4ba993,0.9991440099274406
ck_b71279e807d0b3a7,6.769103268530543e-05
ck_47e1032f490bb018,0.00304902993062078
ck_192579ecdca7ff83,0.0013031513206514913
ck_b1496c474c4a3239,6.157577415540003e-07
ck_5e68ea2c5e893cf0,0.0004865772992366618
ck_f2ecab85d4693b4e,1.2393478713322602e-06
ck_89d7bfc81c3df597,0.00035357129170247696
ck_7929284327667791,0.005124904466437286
ck_494ec63c5ce8e150,2.831898684552807e-06
ck_319b059bb2145586,0.010322479324308501
ck_ccb3767c239018c1,1.832582355279588e-05
ck_a1c7adfe26e09a8c,0.0032779489430186503
ck_0e13c4f73818149b,0.002426490382665995
ck_c285a51ed6214f52,0.0005378750072656961
ck_916784595f028226,0.006629981641068392
ck_6cd8e0196365c474,0.000224753297101992
ck_57b657aba4daffde,0.05953202084596343
ck_562c76a3753fc7da,0.991601732412139
ck_66cfc1ebc9a513c8,0.0002156988980409258
ck_0f38d4aed68d7d24,0.00032391668556336513
ck_d8ddf5e99f7859e4,0.0022508037083729857
ck_41bc3efa0fca700e,0.3070256410382248
ck_40799e129fcf42c5,0.1022791605206517
ck_786f079389126e44,0.004221025846052277
ck_bb4c6b713eb0b978,0.0003147787849688797
ck_4f01f7eac0efaba5,0.0002097968906298425
ck_47d29c01b20cf69f,8.776096655746459e-05
ck_bf15a1f8d67a30d3,0.00032531319848883727
ck_bfecad7586f65e4d,6.76060751995686e-05
ck_fc9f16df35190eb4,0.029053080523694704
ck_c09c914e416edd08,5.983763732181005e-06
ck_c54c5d8e4433b0f2,0.0003548503381305555
ck_1694c28f44480e98,0.0003427609969367903
ck_1dcaa3078dbb7571,3.348481560648308e-05
ck_af559f990c640e41,3.11347284575565e-05
ck_9b436162039a77d0,0.009076807646188218
ck_79d62ef181bd0cd8,5.683626814982575e-05
ck_23caafc2cd34242c,0.0014852081395635905
ck_ffe2aa26f597e552,0.000103009208779551
ck_e6ffd0754ac08661,1.3392431086615561e-06
ck_beaacb4a783db21f,9.607866489190845e-06
ck_9863bff41d24ce9b,9.847677457734039e-05
ck_323b9cc5c49f8ea0,0.45073717116703477
ck_ab3de3d3e41c2082,0.0001349836083926603
ck_35c93b2924900376,7.706867834699206e-06
ck_5a9d5f9901e37e31,0.0013681800154302722
ck_782b0be796164335,1.5378595339810274e-05
ck_11960b5f1c7a5e2c,0.00014076865057741463
ck_9a66cb13a9884cc2,0.00011777926025687952
ck_ba666a425930615a,0.00025569819192770057
ck_40140bef4db73741,0.00028697074162275474
ck_e05e91cc180063d4,0.07219567827756959
ck_c7f6f45710bc050f,6.659004409872385e-06
ck_055fb9f2e1c8c934,0.04600440049325767
ck_58bb02d98e2b9cd5,0.00016115575340961493
ck_d9f8efa6a7800f76,1.3983889347668463e-05
ck_69691226c68fd50b,0.05739994770711299
ck_6f2f0396e5b1c538,0.9997363587359499
ck_78bc3f1d0f35ea6c,0.0002252085034675309
ck_2d5a6b6636a2596b,5.0241763636178884e-05
ck_7878545739af0a73,1.9259677632933905e-06
ck_03c4fa4f3ed3512e,3.342901443912747e-05
ck_1a9e51d092d62c84,0.7341008667005822
ck_9f3861940d8d873c,3.6898834040127847e-05
ck_4684fdd61c6a0fac,0.00014575411625064794
ck_715966f86d5c913d,7.945384363886951e-06
ck_77f293d44b4a3d2e,0.001847723547652759
ck_24dae044dc05f849,0.012421663782101546
ck_00b9818e2064405e,0.12494619662924557
ck_c1c2cb49c3c1b0f5,0.5454542385222996
ck_bed50fc64fbbf8ec,3.730106496391011e-06
ck_4f6ed5ea5ab7c429,6.520217652054242e-05
ck_458531c22ec2f9b3,0.0010814413352050521
ck_51c50c4c443df31a,0.36189074157030326
ck_732d45bd578dc39d,6.108017681900077e-05
ck_783fe5bc20cd02db,0.006679484123519992
ck_7f188aaa63d1d442,0.00015054984540143772
ck_ef307a6aee38d1fe,0.9909776202688805
ck_e37196b20968b73c,0.002248960149847276
ck_4ef9de711c3d93b1,0.0015610497979899535
ck_17946516d5df71d7,2.92889426509293e-05
ck_3534be0f4efd313c,0.00048740107929978564
ck_29fbabf855cabdff,7.23260190076105e-05
ck_191673540d8486af,0.0001566073319607748
ck_5f52728d777ff2c5,0.00024288824524873822
ck_a045a19369016818,0.9999998162644355
ck_4eadbe7298b15e96,0.0006036574231180993
ck_a3a0bd59729fe619,4.202873406744197e-06
ck_a1e77090b1c6ccf4,2.2265200783077255e-05
ck_69ab9d4784eb77bd,0.0007301417457951265
ck_baa47383ffd50f04,6.187468155968457e-05
ck_e35b2ed08b9e55a7,0.0001528678979633863
ck_b6e3af0a5119d9a0,0.0015337860489645788
ck_a7c1dabf3869772f,0.006371401750431326
ck_80b8fca67a14e0be,0.9144352063385925
ck_dd9c5f0c42878e67,0.00011499781920294186
ck_41ef7967faf5ce82,1.036237068995384e-06
ck_a93560aa348d6225,0.004528598933207669
ck_ffe91d6f0bd93fc6,0.32575525715875836
ck_fbf630c960194033,0.0001685024139799347
ck_497ed60723283c0b,8.671588561470885e-05
ck_2a46b7ca55239413,2.2064021256713126e-05
ck_1a4e5ace078dd782,0.004167858242802844
ck_616cc31910f5de50,0.0004924530515917327
ck_0d65bc749eb42710,0.0019016139885597641
ck_2408db62e4395ccd,0.00011942129119892277
ck_5d7721930106dce8,1.3754921569569265e-05
ck_e8a6acea22b20312,0.02083428939487823
ck_e2f792fae128b18e,0.07943254934364909
ck_e6d3ce445b86003f,5.139713801919417e-07
ck_263334d722ecbc97,0.13514414628220286
ck_8c5b29f6666d4874,0.0005863813912445696
ck_7ea0bf310fc20c7b,0.4924767515299141
ck_54d463f7fd89ec3d,0.002808269919165938
ck_79e45040dbdd6447,0.001453744275103848
ck_60b4d59953505682,0.8294430613084421
ck_fb00dd5021642507,0.0003639681723856014
ck_f409ff994a210601,0.0018967842483686994
ck_2ca0020038bfec58,0.6354878507378036
ck_adf84b9df54c3d80,3.0862276290131185e-05
ck_942dbf632591b65d,9.9458400641568e-05
ck_454a7e4d859a3409,1.0537541885116448e-06
ck_2139062d4569aa07,0.00013038825235948652
ck_e949a0f4df0b3902,0.0024851173639596712
ck_bb113e3e6716ed65,0.0018873634447624176
ck_6a28ea6ce69cb869,0.005387745187309911
ck_7df9910af2bba21b,4.1458987200774064e-05
ck_78aa4b731cbfe251,0.00033551707756590457
ck_5839f5cbd8165b1e,1.4704006517178168e-05
ck_7158ad9e58769ffa,0.0009050357320170751
ck_acee218cbe61df69,0.023433529104361805
ck_f8dc8473c2772729,0.004396528523233071
ck_f34c93a8173555b1,0.034635595490068574
ck_7cf301d075e4e709,0.00041959516216246166
ck_b87e88ee5512ea17,4.531968383153318e-06
ck_bed0c020b10afa3b,0.00013242200486253457
ck_ca10102961f99eb4,6.893283785788747e-06
ck_393287947b5c8d79,0.0003247380945696787
ck_2fe6cac002142f67,0.04694097901127515
ck_79c7f0d29b1db1cd,0.0011619598099818754
ck_c735b643d3cbf67b,4.1708450149685466e-05
ck_ea4332c8fe48e2a3,0.00014557362978898225
ck_d39864119cdd460f,5.3081835806578e-06
ck_3b963d6be2773861,2.261782000619086e-06
ck_df39e3b8a9fd0bfd,0.9883192702769645
ck_6236a461dc0d11a3,5.407961594429168e-06
ck_475ebccca25e30d1,7.4661102770200335e-06
ck_c10c8bcf5bcd516e,0.13168103447762197
ck_49ccc3716a564256,4.034601924969197e-07
ck_4e4f99102f6938cf,0.00016357853806419256
ck_a97b481ade6f7972,0.014571685062766142
ck_3fa559c679751b3a,0.00036503678130621206
ck_3eba1fd2c7acc4c0,0.003993524132463473
ck_18c179b4afc4fccc,1.805696359227267e-05
ck_cc1c0b93d05b7d20,0.005145404673366584
ck_742f7c28ddd019e8,0.00016590312057047628
ck_04470bc93b8a0d71,1.9795534809347466e-05
ck_6e8f8ef7a03cc6bf,0.0007217548180485701
ck_eb1ddfc353b4da83,5.960319232674463e-06
ck_98831b57c7ca2e4f,2.8510783610362804e-06
ck_a6c7b8d6e8596d4f,0.03589178458802704
ck_cd7d24e3b095e96e,0.012329298450820748
ck_3f5ae4673a9f858e,3.110764740857125e-05
ck_05f375fc8ae0afb0,5.040719321540771e-05
ck_1fc98436281ee39e,1.5006189500614409e-05
ck_6c48c58678f64bae,4.193526943957545e-05
ck_8c95aeec6a4c75b0,2.0486066086780723e-06
ck_364cde38958b7af3,0.18473770752697072
ck_85bf21aa1a00452f,2.8917805172490548e-05
ck_796d3eaabc667c23,0.9999989709340682
ck_ac449ee0c315edde,1.6546424794092518e-05
ck_6f9fd15ac6b163de,5.175913534264166e-07
ck_4087065be2a45ad7,0.038589995484936176
ck_ecf006bbc78ee3eb,0.9516854435101416
ck_8ca808cc5a49cb5c,0.0046709450794071225
ck_94b90ab8b2dfb50f,4.579955594086822e-06
ck_59fd11b3232de9dc,0.9992939734582105
ck_67f3794d93e2dd67,0.06827393840134913
ck_b7f5acf5df1bb13e,4.104608433261543e-07
ck_fb04ecbaebb774bd,2.4838685320681618e-05
ck_68ef3e7301c621b7,0.00020718294065146065
ck_41406cfa209b6bda,2.072927712320448e-05
ck_b0f8f5408662337b,2.6061196438620772e-06
ck_0d2901bfe585c391,0.0021499411003926107
ck_3398551e81dbf3db,0.02679984595990427
ck_61c3e3e277629646,9.186442396793505e-05
ck_2825e34dd3e7ea2a,2.441281659534689e-06
ck_20d7571ba830009d,0.0006706716665104716
ck_c98b16f9a72a6568,8.15552469144544e-07
ck_e7c8a9e4641eb9ed,5.0504358072994074e-06
ck_254a7c97c36dab8d,0.0003119037544443051
ck_e98429675b46272b,2.5236412757393143e-06
ck_c2fc0ac460786d02,0.04456985984362896
ck_fba15647b3a140d9,5.4974286271683475e-05
ck_15ce50f2704227be,0.0008462245399176883
ck_8c748aaa4a4554f9,0.0001559490102580081
ck_e00e82a9419ff086,0.0004787262186480359
ck_832341c98254bd84,0.005549041087846479
ck_27466468d06db4eb,0.021564390919547885
ck_9d7b9e3ff1f3e71e,7.33457567180861e-05
ck_42c6973d3a6fe983,0.00011068753748295404
ck_877c85bad118bc62,0.015359693246717258
ck_75d2a2715259c4d7,0.0024637594103828235
ck_37d3e5c681a2214d,0.16517169112717803
ck_bf285dd49f372de4,0.0002186466826292586
ck_a5bdd026fa9c50fd,0.0001485122616935839
ck_88d9244a9cf7a77e,0.44813938402700476
ck_5881b174e49b04ee,5.0561734046356575e-05
ck_5b16d67c5ea89930,0.0005820992456031485
ck_b75b936aafac56b9,0.0018405246033116232
ck_aed2681e1646a0df,0.008832789616835639
ck_f63cb5e8cc702bad,0.0002465288537162536
ck_1805fcfc4a9e4ffa,0.9960002409007152
ck_25c355da356c730d,0.0018179489370938296
ck_70396398e4a96449,1.3630875819117598e-05
ck_0f743bd13373748e,2.674830049205033e-05
ck_4b387765f0e916cd,5.030082839526223e-09
ck_e971faae8a10a260,4.378461567829366e-05
ck_9eb08369e983abfa,5.945712846190657e-06
ck_c30c5844512e429f,0.008527922337303139
ck_59e77e3a81f1fa0d,0.003264551803195445
ck_ca4465f2b5c1a52e,0.9998786236587262
ck_c89b9ca398402f1e,2.7822777942465423e-05
ck_36e72ef9273e7a95,0.00015881674532497155
ck_2bdd8616870e5e1c,6.405498794200542e-05
ck_216e87a41de22b5d,0.08383970598004586
ck_60f4fb44f5efe3a0,2.173286712933275e-05
ck_05652e8ace6ce6cb,1.761159722720195e-05
ck_8c136dc691e65695,9.42243295923412e-07
ck_a08f8dfadbdca112,2.074488421939932e-06
ck_bda4041a3e90d860,0.0039056761070621437
ck_15dd3ecaa8ce0245,0.9314296996812231
ck_3e3c64b3b7876ce6,3.2711170921103536e-05
ck_46225858a38b2e57,2.580876484699255e-06
ck_0cb9f54928f4feee,8.61389347172633e-06
ck_152671fbf8a9a78e,0.019606132679186688
ck_ee7a515e87d17d4e,0.0017003142863514546
ck_f7276091bf513d22,0.00010154222334769499
ck_4f05daf1cf0d5755,1.0099207530951635e-05
ck_83a69c4a5d55ef19,0.00025070390993116765
ck_c50fed2a7c9198c0,0.00017621505283093284
ck_70d19d5650ddc8f5,4.8592527411106025e-05
ck_4b4d99e443618904,0.0013892981775231147
ck_dca0b6ca93311ca2,0.011939062897975942
ck_b7431d4706461ec6,2.3208632349833895e-05
ck_7b59d22cadef3b05,0.39025252862328086
ck_53428573abcd606f,0.0005167595793887566
ck_f538ab6aecf2adfd,6.855766924318618e-06
ck_d321249fb065d2fa,0.026469767921466242
ck_72fdfc7e6d8e1436,0.00010209483779361004
ck_b52b99dad89ecdfb,0.0008057311362807143
ck_d2d4282f9d256b3e,6.856032705171254e-06
ck_c8f2a1dd8a6141a4,1.2755510153592378e-05
ck_8d38747058d0aeea,0.7231601860364467
ck_3ac528caac74f563,0.0009503170398600855
ck_8dbaaa00ad829ca9,0.0001269670062886588
ck_7c38ec898f0fc21d,7.208858913857609e-05
ck_8171ef803f5ff604,0.0001401894011654124
ck_01a750db6fc1168a,0.002280831410402225
ck_ceb017baa26e98c8,0.003153817781608253
ck_e2c66c72cc0b0f78,0.0042016665302712
ck_8d9518f64b222416,3.299821045225925e-06
ck_804c5a1fa5753617,5.593958614015965e-06
ck_fca7cc9c42695453,7.253094994705777e-05
ck_3a632cdf2c19051b,3.274577047154723e-05
ck_b2b63ea65edf1dde,5.585983117806093e-06
ck_27b07021500ee841,0.00036160897348356153
ck_9724718fe64c6557,0.9999802381476215
ck_2786cbc3e75ec034,0.053886053697481714
ck_d9c2622cb6df380b,1.0181284345820611e-05
ck_ae1da8ee98e402a4,5.916571087898255e-06
ck_62967b91504149f9,4.373298783670254e-05
ck_6b255bf68709109a,4.2966780088381304e-05
ck_c55afc68421d85e2,3.202946243273624e-06
ck_7c7266f6ef2a8466,4.974762771283769e-05
ck_885cf685a9541190,0.8603718563220835
ck_1a4bb7d3d2ee3227,9.862115946185783e-06
ck_b4911c42f3bff740,7.485555541962405e-07
ck_66f9f78d4c6a3edb,0.0010529377558105926
ck_49bdba9ee1899dfe,6.470743924328827e-05
ck_79b235d51718435d,4.128297495725934e-05
ck_d840db8cfe2ef6f1,8.888247732116955e-07
ck_610c7bcc1cd7ecb0,0.0002689711311329875
ck_cf49b6544aff6c50,0.11255966379396708
ck_de05f97c3d40dd1b,6.768627051361769e-05
ck_0302f67d75973dce,0.0002947603724414518
ck_54c2604c9ca6256b,0.0036046286051037253
ck_a1c88c0568f142d0,0.003716204387900023
ck_5d72ff6cc2963d1a,6.399672097000991e-06
ck_0446920a1004c596,1.471377828304533e-06
ck_71044c29ef071570,2.606919542756977e-05
ck_2122e9bb1afffef7,0.000740210298433848
ck_d1e3de178601d3c2,0.000697113399463783
ck_bec8324a3587ef04,7.614702271261423e-06
ck_b616b6f45225f319,0.0018543018585418223
ck_ce1e695884511479,0.00013282582540963535
ck_a662b4bf900781e4,3.716284535409813e-08
ck_b5a84c5547378c10,6.607985697926521e-06
ck_f80af368cfc6cb7e,0.0001934254849669617
ck_da3526ab6c5c884a,0.00033344288234507936
ck_bd20be9a3392d79b,0.001207249822005011
ck_b8266dcd90cbfa62,7.358774465577076e-06
ck_ac84b33304362c06,0.00014705872640038308
ck_794d8935a895e33f,0.0030197343130342518
ck_8fea7d915259f1be,1.5713366774646855e-05
ck_7a1519ad5ff45312,5.744209145711887e-07
ck_9bf3ce30b65f75c7,0.0003979344216482946
ck_5f864d72d1eead99,0.015838895662364138
ck_3c48e0cfc2a58041,0.7596823312635292
ck_d902183f80cc81fa,0.0026261509751363626
ck_539cb0d117db8cd3,0.33635313654276056
ck_28f530aec8e77130,0.0002548892467505533
ck_e7d903c50d353361,2.3877166437339315e-05
ck_d288b77d1e227970,0.0006115066576668655
ck_017208fcc01b5d40,6.169208222581775e-05
ck_7e3923d278a5106e,0.007401652585950513
ck_9700a00ff9e66216,6.232128633440388e-05
ck_5c36c78b7a4d138c,0.005277733073330156
ck_c457e9c9224b773d,5.850931201512024e-06
ck_1dfa91405d7e66bc,2.070768936770363e-06
ck_f1d8a2695a575e56,0.0006483653142450508
ck_3b92a46daf8d00d2,0.001036377463296358
ck_aab23b5470469649,0.0005184314218956521
ck_ecdd01a391610d99,0.0001892299716355195
ck_abd3aa292f8edb4d,0.01544208090331511
ck_7fc9a0776e1339e3,1.6303277952188246e-05
ck_c0389ebeb0e65cb8,1.7597126663622087e-05
ck_48d0fc4f6a2109fa,0.999992210662885
ck_571dee4f3336c7ce,0.004650755740192338
ck_4cedf26628c84f26,2.7432682159664477e-05
ck_63356762d24aab81,0.002202278315421878
ck_2c5bc11bb7ae5d2c,0.9995099609664572
ck_6d26a152f900fee8,2.991582749567712e-05
ck_c972b0e781efed3b,4.9639986256776965e-06
ck_fa0ecbcf9a33d6ce,2.5299919715665974e-05
ck_fa3a766e49dc77ae,0.00030054859585222204
ck_7baf1e55db0dc558,0.0003427570033376992
ck_e8bc49e6494c1f37,2.89994904732795e-05
ck_8ef1d05cc1e53e7e,0.0014367114296786189
ck_cef2a485a77e0723,2.0992260919698975e-05
ck_228a583f23abff48,0.0004291138896284727
ck_ac32c6e374782b27,0.010215843066595785
ck_b9485218cef413f0,5.7137037353086775e-05
ck_7f15503048915d6f,7.843537769261024e-07
ck_b62f5144db15ad34,0.011283292770090918
ck_917d82c552f95a23,0.0003356555450738814
ck_fb4797045077bc6d,8.457201174020732e-05
ck_2cf8a44e041217de,0.0006403429859481396
ck_b7dd681eb3d2ee38,6.984180492890285e-05
ck_e9e8cacd2fa35e79,0.0002816489122847712
ck_342a79f91de5d1fa,0.00027533683765353713
ck_2c91f62c05685ed7,6.945708417063025e-08
ck_e30cb64302939f38,0.0029431360618707133
ck_d0e95b90ba86da10,0.0010421577666410342
ck_1774faf414a5d49d,0.877339888930768
ck_2401e8ff89e574fd,0.7423248996072823
ck_0cd8802264e0a1ef,1.2767957230615021e-05
ck_da84a0dfe947fd3c,0.00023833894743029247
ck_c8affb27ba7fb5db,0.002118756948920278
ck_bc7ece8787ca7200,1.1696901398885485e-05
ck_469a0578d05990c2,2.589752013399412e-06
ck_eef67f8dea702338,0.030994586631410515
ck_4f490e379e9ded9a,5.51722570757888e-06
ck_354379de065a8ff8,8.760376142777613e-06
ck_5db1cb368bc41ac3,9.276141293540756e-05
ck_9b1c3742dd6fcb8b,2.5722599788647692e-05
ck_63ce4f44c92d7143,0.0008415393905479172
ck_e15e3390f5ed45f3,0.0014541620351608687
ck_da645ea91d66aa6f,0.164054543087708
ck_834ca727df855f07,0.12132996924244105
ck_e1d5ad20c737c745,0.0014541844512011785
ck_ff8059ae5fa5f1ee,5.649434801846719e-07
ck_8bb9e75393954a1f,8.03762904048804e-06
ck_4e1757d1347ab387,0.999986650991822
ck_af3f74b1d75a5d95,0.0013385358212524578
ck_6b1ab0742ff04c3e,0.00627896063412697
ck_f56073911c9f1ab7,4.292481932401342e-05
ck_51bd5f69b4fe0b92,0.9464387971504673
ck_fc3d95030b81f416,1.1920718883792252e-07
ck_cf78169633a1600f,3.141958483283208e-05
ck_ad7269eaa65c67f9,7.981793649043414e-05
ck_cc6d33890d47a6cf,0.003604741816083809
ck_bc8f31f4a2ffa1ae,4.653475799961587e-08
ck_720776a46e56dfa8,0.0005041927729122313
ck_e2d1f212f259539b,0.00022962236498728965
ck_eaf6f7082c3db2bf,0.00010367276822536037
ck_773efe58c6278c3c,0.012869357633133922
ck_c4a72c09f2fdacc4,4.8300899542045806e-05
ck_8982888dd6611143,9.330934725684425e-07
ck_9d5049e195eda029,0.0021892584236144355
ck_de58ef6f9fe2b546,0.0007242273933513315
ck_c0b50c11e4f5adf7,6.654643649037353e-05
ck_ddaf228487858bb8,0.010275625505596868
ck_eb2323215ff70362,0.0003232870009992972
ck_168c96a1a636ea15,0.0005365403174315254
ck_9c46711b14d9eebc,3.2384690703260876e-06
ck_de8af660806b97b5,3.036398339583134e-07
ck_6ab83f45bf16eaa6,0.0006728676308217985
ck_bf2228a052815840,2.1935695493850922e-05
ck_3f943f20a9da9bff,0.00040052095878828896
ck_3baae40454c00938,4.3656148968903765e-05
ck_bc2e771a1d8d2dee,0.0002724967565142721
ck_e55f5ca37f30ce8c,0.00020850272707520495
ck_4ad5937bef176d89,3.2511046336583075e-06
ck_126531a9126c17c4,4.4621540509414437e-07
ck_7ec423cb56257516,0.002425557632111382
ck_54748ae0f2daaf10,0.00020310418350251902
ck_ff24776280ceeeed,2.5889986734693478e-05
ck_3c3a1a1365741bba,3.914060835311697e-06
ck_615277c8a4e2b18b,1.1192843706081618e-05
ck_a96aaef34173aee6,0.03383957740235099
ck_bea56db7f3e930e8,7.450331617551522e-06
ck_ca491debd3b32a59,0.0018803928732028508
ck_d9ea77f4114a389c,1.4612655312380579e-05
ck_322ffda3332d08a2,0.008126906751522351
ck_c40ffefe4e30b001,0.0003868253176576204
ck_3b1d7648d4580bef,8.042481623468951e-07
ck_23981a3261674131,4.256111083411365e-05
ck_11667f5b9fac7bc7,4.469325122824584e-07
ck_646bb3c7be5f0817,0.0003201665998641165
ck_ebd0a45712dcf07a,0.0003114943128438736
ck_baf43bf1bd963f9f,0.015633695092474125
ck_e0ca2c819658f6b6,0.9999603803990473
ck_f0d6633d0834fff5,0.0012297785397587463
ck_91081be0254878a5,0.0015962952184195142
ck_1325000bc7f35b5e,1.4671042657651036e-05
ck_c624b9063400fa3a,0.005768898167296354
ck_0ad6fa0e23c3bd0a,0.032982157253548805
ck_6ddb55b1f23c6cb1,1.04729881974031e-05
ck_dce1fb3acd65562f,8.275280956213708e-07
ck_a9aa389688ee5aea,0.0007336487316848743
ck_5c5284c45d9ad8bf,0.04138031192898784
ck_9ce743dd3e92549c,0.0003780731535912521
ck_8342e08cc2f9bcb7,8.043975658079486e-06
ck_25e551a0a8d2fcc2,0.0004825675671393194
ck_d4fd0e438c97e0c7,0.021493823258188258
ck_ac7fe1c344190c50,0.0002685456914349188
ck_ddd65711b5651f89,1.777897876279547e-05
ck_ec7406cb5cbc8f10,5.358982644460636e-06
ck_1c65e8d5be3b9c60,0.4214735570277533
ck_38ee42f15a573e81,0.0011057509466195802
ck_0e5385c70c6de025,1.8719710578046512e-05
ck_d3137f0f7629040b,3.6114255764285397e-06
ck_9129c92c12e0c8b4,0.00011106004141902626
ck_c86520a00e50a926,0.0036490132575830855
ck_87f82b2b5fee757a,0.001203955163277289
ck_643abfbd7548d0c9,0.004276249079632613
ck_be51f4e5e6b85768,0.005787169207637779
ck_132c16312f37810f,2.1539346829841758e-05
ck_c78c096ca8cb33ac,2.8682686101768007e-06
ck_2ce5afbc014763b8,0.0005008264797869104
ck_50ed8f4e7ae6710f,0.00013056504808705874
ck_5a4eb535c9a11993,0.00016577487980177987
ck_9b665ef46d785324,0.0012028561533936818
ck_e066f71f8b296b7a,5.751423660679088e-05
ck_560bc6017870ab06,2.6763621414546022e-05
ck_fd78f8a8663646d7,1.776891479081385e-05
ck_4af5ec61ddbde1a4,0.005322997667379384
ck_c2ed04a9d218410b,7.074215484421775e-05
ck_2455d43bbdd2bb69,1.5861521813620823e-05
ck_56eed7041add49a1,0.20453524958001562
ck_5f0be7b468a72333,0.00010856332092753036
ck_19660cec756632ca,1.6348192086112163e-05
ck_fb90408f4892a21f,1.5605510249685996e-05
ck_833a65b86a5d9bda,4.213128542824462e-05
ck_2ac36e1dff211d38,0.00029780246754812327
ck_c00e70606904539a,1.555471121788929e-06
ck_ba8affe4b9505a95,0.041782855560473446
ck_0c3dd22587b08018,0.0007114233121583567
ck_618c4e5cfae99dcd,0.00017755616552128496
ck_c9690baddfc4177e,3.570045816919107e-06
ck_59fae092fb0c4aa3,0.0005510897539247368
ck_e03b7d0fa0b28f4b,9.249201427318786e-05
ck_d451d24c780b5884,0.00012510887081666516
ck_e980d325b8dbb8dd,6.317998205410472e-07
ck_cff18e2d8c520272,1.6008297927064846e-06
ck_a0e46b67e986ab56,0.0005124057644008451
ck_3a469039a5b9d963,1.2428615878298669e-06
ck_12cbb211ebd2b437,0.0009736508666670692
ck_b8cdd6d6dccc4554,1.3072292250223432e-06
ck_794ba5921cef50c9,0.0023373893512439663
ck_2c7667f64edec2b5,2.9865885973410687e-05
ck_7262b4e0c29c942d,0.0013659033535134972
ck_5d818522cbfe2a54,3.363074577936954e-05
ck_de39c1947fb675ee,0.010880865220785815
ck_c021495606b4735e,0.00014250307478205413
ck_1fc03ba33edd9e67,0.0011669878960302532
ck_a6fe344bbf67f14b,0.0002388593802094622
ck_963762210edc5694,0.0005851617286055248
ck_d064428b7e7dc409,0.0008137938845188223
ck_59be61b53d971611,1.590222615426624e-05
ck_ec8738ec663cd2eb,7.966058249239346e-06
ck_59d086fab5998646,0.00016775949727331223
ck_bd32dd3b2cbb7888,0.9999993912738119
ck_ce0166addb93bbad,1.5482880112733408e-06
ck_7c0fdfbb447cdc04,0.0009597279128756901
ck_cb1bd7635968ed8c,0.6201410726054195
ck_66f94903177f20eb,3.385306197805805e-05
ck_1d7cd5dcbcdafd7b,0.35681678041808823
ck_5e418a7c04437b4a,0.00407813889913896
ck_631ea1ae91ab333e,0.008372928188255406
ck_0a8029e79a5ae7ce,0.001537830023187768
ck_c4cca8278bdad9b9,4.942889699021723e-06
ck_4dec3df58077a257,0.012628629912228476
ck_609c249edd88c565,5.705544088349106e-05
ck_02e5f9cbbbf2f078,0.007985959018375713
ck_32e486859130458f,0.5387815890937822
ck_21ed2ea6386c5a07,1.3446442710763906e-07
ck_1242aa4496576a99,0.0002009363988556233
ck_475ea9aa6d3898b7,0.004296708933943377
ck_fe1b1adae3be70a6,0.8709853196813373
ck_c5414d7a8031d4f5,5.902580269096848e-05
ck_ca1f6f01868e978f,0.04152895218202472
ck_5eff0208c74ec714,0.00037746270035957016
ck_a315c9619a317609,0.006543883989662557
ck_2b87683c90acb852,0.0010615414520316851
ck_7cd9f39c50748ed0,2.7918357338176277e-05
ck_16a06d58d71935bc,0.23552732130730095
ck_d116e0e7c19b878e,0.8547136773078722
ck_931510e384b1d0cb,4.999960323902918e-05
ck_e7651fb87bb24132,7.776428610183257e-06
ck_88ef9f85948e1a01,2.369521650368569e-05
ck_17bf38d51115a8f3,6.683466694953218e-06
ck_2659d1d3762a2825,0.00015152561111964353
ck_a7285955e2852686,0.0001056055745252308
ck_f2c33d5b65b321db,0.0011417802877944404
ck_83e5979334345622,0.0009182209978815757
ck_629537d8b4d0f395,1.094170258990673e-05
ck_72022008a92c9386,0.0007198675630019893
ck_2973b8274f0bf69b,0.0002667823440268857
ck_565e3418d2f4061c,3.886097926027918e-05
ck_54bb53b8f8ea32ae,0.999967518163386
ck_af0a6540ea7a36b2,2.8290596932164216e-05
ck_888651bfc2c8cf70,2.365074553145086e-05
ck_1dedcb48ac381a1c,0.1467244694093699
ck_f73273e220296be8,0.0013128490334988223
ck_8424bf65223a5a9e,4.113024891641138e-06
ck_337b930fd149a696,6.53108508418385e-05
ck_8a4952de8a123ef8,9.799172513108078e-06
ck_884168153c9c0c81,5.623821001645521e-07
ck_fdda581aec411010,1.375860647064433e-06
ck_2b7cadbc8b180d32,0.9873200797380028
ck_8aa8b9968233a1ab,1.3488779438195768e-05
ck_0af18b3ce015d294,1.561881767917982e-05
ck_8dde670a735d1e90,0.12064588206499957
ck_62f46226f244139f,0.000937299557825989
ck_f948e8a8fdd79b4e,0.00043291294776104454
ck_fa00aa0f3e859904,0.0010666548184918012
ck_fc7935f784a4f249,0.0002898908171200754
ck_e7501307c0698e5b,0.008872316648139167
ck_549ed417f2834cee,0.0036177910249380885
ck_fb2a35571ec719d4,0.09052774107230999
ck_25822068c86c856f,3.064749207006939e-06
ck_8f35d229b62c8f23,2.6028738442665575e-05
ck_bdcf049c1e7d0c95,6.747479455258032e-05
ck_0aa9db36eb16422a,1.8897235434535125e-06
ck_42dcf92e9e016922,0.010577262453191244
ck_42341cf31c08c981,6.138519901159541e-05
ck_0b20bfc515ba42a2,0.0014722657253803866
ck_0ec820b670d48098,4.906756828714471e-06
ck_1f0bafec397da8e4,0.0007884357079403308
ck_82f07504ab59ed33,0.03243308781585082
ck_337b24a474010abb,0.9999999897622295
ck_703703bda38fdcf8,0.00017059891473813888
ck_01e7960c63dca3a4,0.999029060785144
ck_be5bd81e3715cb8f,0.8555663906651191
ck_197f8058cea1fbea,7.369834635639498e-06
ck_eb3fb1106f2f1b21,0.004328541263216427
ck_658b4b54be09a4bc,0.9999700391130825
ck_266ce7ccf41ccc50,5.050662351147268e-05
ck_110608c3b03d4038,0.017483268732360308
ck_1be8cb95d6d9bbf8,1.4085176176423315e-05
ck_8e16a64a776afa82,0.008015510750782546
ck_34bd190d37eda534,0.0042140384975601465
ck_4f521611ae14ae66,1.3702147463300003e-05
ck_d839798f9520363e,0.1269847205559974
ck_d1bbfd246c0ac9d5,0.008515561328083492
ck_f19030e6e85a6776,0.030860893085694632
ck_cdabe60ab59f9d5a,0.0004916832349286257
ck_bb84b2b30293f566,0.8436827217139473
ck_427b91925952cb40,1.2215666130390982e-05
ck_1078b1e155b5b640,0.0010201623869141986
ck_95fdc264eac72fa0,6.43150754703412e-05
ck_e35eb857c61548b2,0.98115925261461
ck_69bd0b1abea7e1f0,0.012183716668715603
ck_59de511b20c842ba,0.0003174449403394391
ck_168e7ea341a36b80,0.0005824418492784739
ck_4937cfa6526ea138,0.0026965753501453013
ck_bb1a981306b750ac,0.03193210924153817
ck_f42a43e4c3f34ccd,9.10025876952138e-06
ck_c7ae1d4b3ab38185,1.0685748991627864e-05
ck_bd23cf9bba1dd33f,0.0012371576493192956
ck_0fd826fad7ec7cd6,0.4207859376883451
ck_f143641bf3dd0414,0.0012028095133240746
ck_ad6d48c20a3688a7,6.818468965281344e-06
ck_7bda5b5b927b2905,0.09750106645697028
ck_a337eb38eefdcc88,0.011461522240787964
ck_403da2a2d800df9f,0.3467795387993633
ck_aa01d5aafde73d0a,2.4119172463399163e-05
ck_494954023f0eb309,0.001717713989822134
ck_1c6820fc38135ad9,0.040251026076980445
ck_0e0bab173622db9b,0.0007711730994970845
ck_547090bf35a3b243,0.0023554744063325503
ck_d69455220b21dc9b,1.9152642783043774e-06
ck_90b4ac695b9c6bf7,0.0002646834306332997
ck_8d2afe17c0082e6a,0.0003900552076439336
ck_926b81c0ba528eee,0.00022107772362472413
ck_ce36b0c287bd198e,0.0020060390020837674
ck_8026e017909aaa6c,1.4602735504346232e-06
ck_dfba788f35d4c372,3.179348574804404e-05
ck_f09f9d0e0886e0c6,0.0033972463754801973
ck_4ffe0366df388604,8.915178925173892e-05
ck_75bb521de55644c7,0.0010427180052443004
ck_81a960fddf79ecf1,0.9995081693432908
ck_8f43459991ea511f,4.371083371515175e-05
ck_f878b68d66fbfd4b,2.1612563626348887e-06
ck_e84abfc0c747c9dd,0.9910546125631358
ck_3ad3fd3cceb56b66,0.9927678354038603
ck_7cf562578c7f158a,3.254814327268308e-05
ck_f81a97d350397306,0.0019083085203389627
ck_255d87b7fb40caa5,0.001497245908958413
ck_b3905153b9eee924,0.0006023679045268094
ck_2c80a592fb4cd6a3,1.9127009889449492e-06
ck_57deb202d4188a29,2.3693552513494414e-06
ck_e3cb5f31d8e94448,0.987597188061783
ck_0db62d5f7f75f80f,0.00022313882904169153
ck_ced9163ea85589ea,0.003535785647494119
ck_e16528edc694fb33,0.9999012172413133
ck_78cc5ec4940fec3b,0.00014664858797311357
ck_31742076e9a998f8,1.3872947448400409e-05
ck_5ac335f02280271e,0.0002507778492431962
ck_7cc2e091806cfa5b,0.0009261849150153664
ck_3152c7115257f084,9.458454289479006e-05
ck_ab1b9d019921bca7,0.0019793549333825353
ck_c33a762d98f9b290,4.512008548125124e-05
ck_b16a7c51b6f7a6b1,0.0009564189031197912
ck_97402a153348e68f,3.983665923348788e-06
ck_95391029a21caa24,0.0017964791041488167
ck_c2015a1200971fe9,0.0003322924417065532
ck_ed4427962c68918c,0.9992938499766477
ck_c5e4a17d3efb19a4,0.4475435804238382
ck_8aec3d3dd51517c2,1.8505641888653056e-05
ck_f5178a658225d8e4,1.2220340608471107e-05
ck_8594f165e95316d2,1.976934238786485e-06
ck_f0c4aac04076a6dc,0.00018437377334619632
ck_ac2f7397801036ef,0.004954306033530478
ck_d1ea4bcc407c7d5e,4.333858969874777e-06
ck_cce8b6657a538fe0,0.0003859596392388036
ck_66d0c6d6b67a8d58,6.392700490823188e-07
ck_1a6b30320835e57e,0.0003946366554690727
ck_8cd274cc85aa35d1,0.011054093814143377
ck_ada46085a78280e4,0.0021262248811633956
ck_ce1b06623e4a815e,5.737296566198896e-06
ck_45e70c8a9686580c,0.0162143824242495
ck_0084d8ab6b1044f3,1.404504454117471e-06
ck_a5f7b6fed6df2aba,0.007695752101265563
ck_94940d783e7988e6,0.00045099549596395365
ck_00f9ca84d1d8ae7a,3.151408173129527e-06
ck_0deb56f3f6452818,4.033106800375701e-06
ck_a58e900469dfc3f0,1.368847723576115e-06
ck_028c41b195280980,1.0206742512881263e-05
ck_7661d7ceaeb19f97,0.0008077027611241165
ck_6957905a65c47879,0.005192257371704071
ck_f7c6c26ef3c4ae06,0.02507088267785231
ck_8777beb11aabd66d,9.634735191037739e-05
ck_7db098a17374bbf8,0.9987411571160584
ck_66aeb00e44486cda,0.2504567127265622
ck_838c52cc1d315ec3,0.00024452499252616296
ck_1745847cd4e5dc83,0.00041071893798984234
ck_201687857ec8b3cc,0.00028840249537140903
ck_81818169208a8cda,5.362120566929421e-05
ck_3303fd3f64632c7c,0.23486204914412906
ck_edf1096809e83ef8,7.5745384426057255e-06
ck_235ce9603c7dccbf,0.007405252274377361
ck_9df7e153868bca13,0.00030648679763566105
ck_3cfeade2cf270fee,0.0002480025683365065
ck_982b0bf2e2b6c4f7,4.2785150819533286e-05
ck_faeb0da678bb86c0,9.587959234364111e-06
ck_e86ad2fe815b6ed9,0.0008803250715802511
ck_70d69e5d1bb99e85,0.00012758496528461738
ck_7e9a8924eab779e6,0.9998587261051282
ck_019d5891103e7da3,0.0004663261148779307
ck_14f0484b3817eda5,1.5414729113029438e-05
ck_85de63d278f0fbae,2.235637186372104e-06
ck_ae91b4cff57fb3bf,0.00029276141716204704
ck_2a6d43b9f883b78e,0.6219497702617813
ck_7a4e3d553e8ab5b7,0.2516318000301177
ck_fdf89dc69f700f84,0.019498154822638183
ck_f92e04024bf13558,2.68859729404848e-06
ck_4a522ca2dc4831a0,7.546999091180901e-08
ck_68ba25dc3385fea1,0.00036768062254670766
ck_22128a4f0d033422,0.0009577366620626945
ck_5b52ee0a13c71590,2.3473435233150878e-05
ck_59472d17debedafc,9.422949695301554e-05
ck_9dde2c63acda3ba3,0.0005401180302809231
ck_7510b1023cd08531,1.3781864295881352e-06
ck_071ddaaf2e4e3671,0.00016239177844130012
ck_1355db6f4010232a,0.00023487130841570765
ck_0a7adc2f27f98510,0.0042397495087316715
ck_68250033717cd59e,1.4626493338244634e-05
ck_7c12de74de30b788,0.9190955489947483
ck_65491367584c730c,6.588240205963285e-05
ck_e9047964952bee70,0.0007137683809376539
ck_5567779d6ba184eb,0.0015577057683333066
ck_d6ea026357ec6477,0.0004976124537539096
ck_cd7dcc884e283746,0.0013041767839327746
ck_0bd77fea8ed75a15,0.0013056929145242359
ck_e80883208e8d0453,0.00029285428106568765
ck_2ad0ecbacd5acf8e,0.999978867555571
ck_6c1dbee7e8fdd5c8,0.0008253829049724348
ck_ee4d9a7449515908,6.130759272730555e-06
ck_636111f7f030496c,3.050617866152375e-05
ck_2c629c657f73941f,0.00015674118401207132
ck_c1c9d3842d758420,0.00015903341676412443
ck_e4df7faacdfe8c40,0.0002333718072771699
ck_94e8142728e44380,0.013448958410924914
ck_765aaf42c5088545,0.0014306437529906482
ck_e0f845159b6e6a4a,0.000512440675198672
ck_5bc07deb82edbad7,0.00015220542236999175
ck_713159c5c6a7a4d0,0.9999981617566204
ck_b08afc91d9ca55db,0.010228997745550056
ck_a7bc323ffed2ea97,0.22795909878684098
ck_85ca825f905a34a1,0.010833513524256008
ck_33160c443d4b3f19,0.00023649866044187984
ck_832d39c590a3ca75,0.9966980949473419
ck_7d1661a34164406e,0.9999719956914151
ck_c2466fc40fc9d5ed,0.9999982027370337
ck_ed0e776c0926ce67,0.005385437227547125
ck_cdd2ebeec75bfa69,0.1853151480539777
ck_d7877684c7923ec3,0.0003463984074052277
ck_7384d4d2406aabf4,6.251777050931776e-05
ck_b8e5244e650aa81b,0.001321138802870008
ck_25a1ea40b2d59254,3.510407476630183e-07
ck_b9e5b318ee4de68d,3.585462643840206e-05
ck_620d7ae27af83cea,0.00015859573739604522
ck_40b4e264d1a12b83,0.9956143780422456
ck_b694c803b62862b3,5.458937023149104e-06
ck_cbeca201dbade3e5,5.982562840045713e-05
ck_f9b439c9161c3e52,1.590399367770216e-05
ck_9880410fcd10a28e,5.114188477373233e-06
ck_74928f5f91aa12b2,0.0011513020925697853
ck_b6673bbe61d2680d,0.005814220208855581
ck_53c8315b5c30acb4,6.681198569938746e-05
ck_78f01d78ea79642f,0.008719265796870162
ck_8582490d6e365a63,0.00039216119904544574
ck_af25c72d16299258,6.5915046944824e-06
ck_7905fe8e257b0449,0.7368583260367408
ck_0d16d9349e4a9e08,0.0026367054549780574
ck_31b16b8848584e98,0.0015421503789147058
ck_67207e3eecc02d76,0.0048382706023089575
ck_e6b95ff91116a592,2.8207429890408515e-06
ck_c08f622bcd6de6e7,0.03987668349614149
ck_f9a68da9e0f0bc85,0.00012244357223562864
ck_4072b59388976896,0.00022468287043466215
ck_8ec86e853ad52828,0.09613418281660276
ck_4fecb87eaffd5cb5,2.778846327788843e-06
ck_d6880578428b965e,0.15048746698808088
ck_bfc82b3c1c9f2897,0.9921270874192053
ck_c340644176ca03e7,0.00048321045688213984
ck_321e740066fb05c3,0.3829859476999899
ck_8929d2eb09872052,0.4045414005611026
ck_205c107cec528414,0.4355485984650524
ck_e76db7d2562f9836,0.0011536822566046133
ck_9ede51c8434cff6e,0.004679478550280739
ck_492e4b89c61b7b6c,2.983807941296147e-06
ck_9385f5a1eeebefcd,0.008929168601529761
ck_ee52c7bf88f952ab,0.00022291482632313492
ck_d8116c34302021d7,8.421052164297106e-07
ck_01645ea51972e99a,0.009373491071364499
ck_7b45ed23304a854b,0.0001760181580915035
ck_2096d32f3d497ea1,0.025004366955352363
ck_dfbb2056f1ef7d3b,0.01513285518381767
ck_938ce30c864bc7df,3.333003302680952e-06
ck_ff30dda2c881a4bd,0.49628552829127454
ck_f88c79186a082beb,5.706197717630252e-05
ck_08c7bb0f9851cb76,0.02127734349837148
ck_2675e7a008e584a7,0.024181212947985923
ck_cbaf8a954281d4e3,0.9999030476986538
ck_8b24eadf6c72b30c,0.9877041161753282
ck_ffc8e3c1377d0706,8.687084267953929e-07
ck_5b59e859bed5b40e,0.0001790294289486775
ck_7b61717f172f9317,0.9995428309162164
ck_e5c30947b732f661,0.011512796690611619
ck_bc273f3ce79f7e1a,2.017758884663398e-05
ck_f69e93388b3028cb,0.014965324826765151
ck_3837ad850996ba60,0.0007151917231276246
ck_36d78ff3bc033ee5,0.00043238469394399733
ck_5e20953547ba4135,0.2066508213640754
ck_258d661e450ac870,4.394155954300038e-06
ck_1df66f537496ca59,0.00027383262961638063
ck_361f535599110201,3.7289961089250494e-06
ck_337e98c69f6e7886,4.0729030176828615e-05
ck_d3d5b2717cfc3913,0.010149973291105832
ck_b1dba768dbe7affe,0.000526618109703842
ck_92d782bd9ce0d1e3,0.0003265922171192948
ck_26bd0f8898afc8ba,9.650139540964731e-07
ck_7916e53daab36745,0.0029599721797224517
ck_2caf553b31831a50,8.618002199757208e-05
ck_c6200734c7f9b2f9,0.9928272784971626
ck_cdc55623cb16e6a9,0.00135484462109762
ck_57849e15b61c43b4,8.326716776885504e-06
ck_b7af9b2ee0eebbc6,0.01645759896191176
ck_00aa5fc3b3bc66aa,0.001898544980564071
ck_9929723f65636c7f,0.9999939470975807
ck_8f6cce9f69912983,0.00046663210135073713
ck_c422ba389ff00781,1.323210257645604e-07
ck_9ec7f334604a228f,0.00013799861028747617
ck_5d01200ba3341462,4.214395893835445e-05
ck_2bf10be403849c9a,3.7858169882709214e-05
ck_6ca018259f70858f,0.0005094615413339216
ck_a54dc042ebb7c766,0.7722998001192518
ck_79da63fc100830b5,0.0008202043463693652
ck_67ab6f9e05c85085,1.5189376424109514e-05
ck_fa80da579ea9afc0,8.173566396889907e-05
ck_4339f86c87289222,0.9561532801787775
ck_a2299b4f530be0d6,0.7642200560793163
ck_19db0bf788697c2b,0.0007555849976429558
ck_fa4211c4d826d830,1.530028456005271e-05
ck_96100d5e8e051e91,0.0003212629774093457
ck_5c3a671883d58b3f,1.019526010022693e-07
ck_2d9524787cfe1ab3,0.35101187518646343
ck_47ab8e51e5b3a2d8,0.0007911700691174628
ck_c924f36bc1bbbaa3,7.111505501637402e-05
ck_5c58e7f8fd55e26c,1.7137555919593042e-06
ck_a07e7409d6d5aa06,7.389148198506783e-05
ck_c8413898f5f7cb7d,0.00024789968920669995
ck_577c816b41cab002,0.9988105159735745
ck_9f7807ed64cdb728,0.12066096354200086
ck_495d814d6d6d521e,1.872619864336586e-06
ck_7aa8bc018c2b003b,4.67642625908349e-05
ck_7c3a6a82f3c3241d,0.0021096054370773314
ck_487f7fbc290e4ae2,0.0004590462616743142
ck_e556c4d36aadbe03,1.0222320486965643e-05
ck_7e6569a1b2455cb0,2.7440448106483e-06
ck_de2924955926d046,0.00027537465812829887
ck_73d60b4630e3937a,1.2462859178755183e-06
ck_805ee564bd35ef15,0.001402523530214807
ck_0d40961e47797027,0.0001752551854148881
ck_f06d00a4f9c87d80,2.8576771971207034e-06
ck_5ef50fb07b6737d5,0.0006355943716817483
ck_16541fc15683e21c,2.2676395935012896e-05
ck_09fd43f1b7e2eca2,1.9272398041674258e-05
ck_2a2c336a69b8d68d,0.0002550020913699415
ck_2685f38930866af0,0.0006946891847723548
ck_298278a9da874437,4.48854599101367e-05
ck_00bd7803f2530c68,0.0006346616040543899
ck_c2b4a1d8c0b6c1cd,1.8035086921218327e-05
ck_2acb54ca20c3af6c,0.048120609612821816
ck_e3d4b6f681c783ab,0.07023815944636043
ck_f90293f1eba5d7b6,0.0008080569863946507
ck_e69d27e8965df0be,2.9430797620923947e-06
ck_b7f5d10b427346ad,7.65775495256647e-06
ck_1ce20e4223a936b1,5.2006235964298975e-06
ck_6b97d1ab90f6bdeb,0.013160017109166056
ck_e30e17db5473c7b2,2.34138836269618e-06
ck_154c8efb19dee665,9.069666417532373e-06
ck_6f5bb0c930644cae,0.9999989480410301
ck_9e17699baa83d173,8.565043646521554e-07
ck_9693b1eb70880205,0.00028422251580486474
ck_1e97899875bb427b,3.2778336962947884e-05
ck_558a82590f65df69,2.8512979050263776e-07
ck_18df83242ff3cdbb,0.006302821146400402
ck_80ad4396e1084c68,0.0006923221237904834
ck_0a993bc947bab61f,0.002256333568080119
ck_5c2d43ff841632f9,2.2045099925202375e-06
ck_6e4b99fb9725d9fa,0.0003517262963575524
ck_e0983999ca26c19e,0.00011227537959602186
ck_6573c4947cc8607e,0.012566406983707642
ck_d879d645d6e44207,9.702492485737208e-05
ck_1375ad9f10688e4a,9.868851165076381e-06
ck_7501ebbf4e21f160,8.338506329747089e-05
ck_ca60d61cd4dc3bea,1.7934087555441924e-06
ck_ab9ea095a5c58b4b,6.834959829688279e-05
ck_23756522b58df5d8,9.029525996555283e-06
ck_90bc176c43d85fd5,0.039946184592140034
ck_908b663b2dda94ad,0.0050420818339069855
ck_4df2fb8e4b649e27,2.2186177845607975e-05
ck_5615c6bbdef05291,0.017539478315992837
ck_b62f3e3185251f71,1.0364188990440206e-07
ck_38d1a22850178f33,5.096460961109252e-05
ck_5b3ba20c8bb1383b,8.62894541702445e-05
ck_5576ffc6aaf6f22c,3.999105704390512e-06
ck_cf7a022178165e56,2.1039540705612272e-06
ck_f2c7a4c50e2ede96,8.043938955523088e-05
ck_285719c77eadf915,4.55576348470582e-06
ck_f2aa1b677619ab19,0.00018172404053051278
ck_3830c58d841e9e69,0.9881582303298635
ck_32eba3510c8eac5e,1.0822979635934163e-05
ck_8955d7b9030d5eb5,6.649033280776754e-08
ck_6775e387dace7525,0.004346366215889639
ck_0a0cd7f4be606a93,0.003018806880143316
ck_a9f700eee5d638df,6.770744509164238e-05
ck_3d7db96995745472,1.8028189129127555e-05
ck_aeed557007d52e9c,1.0140387749305577e-05
ck_79b6a86830156b5a,9.699768990982518e-05
ck_6a1ff9d69466181c,0.9999988336885148
ck_f11b1565f986f5e3,0.003550927330431858
ck_4819327a78615485,7.2644150268948e-05
ck_3ed9e081959b2f5c,4.0413464367918576e-05
ck_16af4be191c47d3d,5.802504447147385e-07
ck_25122cc0e8b1a662,0.012084452996609077
ck_509c22828d467ba3,0.00028273314414989717
ck_31109c899336348d,7.784708046616075e-05
ck_c51131e53baa59c7,1.4083395276924826e-05
ck_cf8ecabbc61d3e11,0.0001335061595462695
ck_eb6baff0f85ba936,2.4992730956513025e-06
ck_777669e2243204f2,0.9885927788721034
ck_ac0ea27e692acdc9,0.0014348905246286204
ck_4c6ea04ce8ca9e2c,1.0320646768118743e-05
ck_ca54b32fca7e94cd,0.00018465878204941463
ck_4dfd8947f540eb24,0.0001236067371000208
ck_95aff1fe27fb24bb,0.0007369264998384369
ck_c7550723b90e5615,3.828670534577397e-06
ck_57b3fee69bdf85e8,4.61956784803246e-05
ck_f823407ace7ff064,0.028707620373481613
ck_a69084a068bcc8aa,0.0004993075451440013
ck_c7b17f7b24bef5d7,0.0011127079225857596
ck_7c4e588f927c27c8,4.6727712860378686e-05
ck_77fdac602d0c6f95,0.003656121120490357
ck_e963d8525018d072,0.0009538718736014223
ck_6e8ebaea8f7bffaf,4.70137864969945e-06
ck_aa42976a31cb7770,1.0566735871670546e-05
ck_22c862a496008c96,0.9999999396109464
ck_527550dd15f38782,0.0004019032549662939
ck_b3ab3c210e2c7c19,0.0008712457219818337
ck_ed9c56fdb9f45ddc,0.6301468123493277
ck_b53281da70defcfa,0.0017381605409458648
ck_03009b721568ee98,0.0007785402244495157
ck_3d9afd862b3f4053,0.6402846246909134
ck_ad3c4be96599554a,2.803587613270668e-05
ck_d1c787c27d50af49,0.002122015275677116
ck_c7a9c7b2eef46a99,7.189684172902495e-05
ck_53036d3c6c74446c,0.2147500188327367
ck_1b1efbd9c0964c8d,0.00010773677986773418
ck_d66f42a269d5c1ed,0.005175808785164531
ck_fefc49a2b8ad993e,1.582048612753834e-05
ck_8b3b874249adece9,0.0026504038636273384
ck_193d9c87ad3f1dad,2.8339496360782873e-05
ck_0c6a50d747593b7b,0.0010950067955077755
ck_c830f3830875b47a,0.011376496663580923
ck_79e202f06d8dfe42,0.00010628199645825012
ck_5c0fe988b8aa7fcb,0.0189644183648204
ck_a8382d8345f21e1e,7.23189486826124e-07
ck_8cb20053914692d0,0.0024929460808983386
ck_1da2f69023ca4c13,3.7428103848477196e-05
ck_38abb60995114f8f,0.01691815394561063
ck_f5791fd8fd8fd191,0.0004446525666364104
ck_a4e6fc391b674335,0.08134998144619489
ck_bd771efb4a7e15d0,0.00038744955784111325
ck_38ba4a6b6a292054,0.002579019383307185
ck_f7a07283345a0dce,2.3684768138739613e-06
ck_87dc484baaf5a23a,1.8575400967714782e-06
ck_c84ef83489badbfd,0.00179854801665033
ck_a397cd64ec5d644b,6.265124584301135e-05
ck_7977135c2ff61e92,4.1107199105161894e-05
ck_52174855b243a8b0,0.0014634362047270236
ck_0f35e930d0614613,0.9998009564256558
ck_b170a7db522a0d6f,0.00014566501192241296
ck_7af748a23775bd54,0.004970883525002678
ck_52f641c9ee6fda70,1.7894041752554886e-05
ck_c3719a30414bbb4d,0.00012435407445980428
ck_2baf214ad6bc0dbf,0.0018489324485776362
ck_8b39d8aacfdd72b4,8.168023843055677e-05
ck_d39b0152116203be,0.0006029754965844798
ck_ed33f8a937f9c7c8,0.0008025012791752225
ck_8ef97b55a5fd6ec9,1.6118166475798956e-06
ck_8247f008a14bd1a2,2.4904016272369788e-05
ck_f0d349d68249d5db,2.151127340861571e-06
ck_a544e766540861fc,5.17649598038219e-05
ck_9dfaca4c7c80b10d,0.03166442341268991
ck_7e5401c362b2216a,5.537611863635627e-06
ck_64ff60c073fdb6db,0.003502286656409087
ck_fc5ea49518e5d637,1.529848693758769e-05
ck_580f136ced341298,9.055573231214447e-05
ck_9cbef9bc95449dca,8.168976675289743e-05
ck_e475a3b8ba870a7e,6.806988797365698e-06
ck_97e94708bcf43563,0.00011023823462579389
ck_13f03ec785cbdae1,2.6857652244438263e-05
ck_152820d8817f478c,0.00040942028250296364
ck_d20d4ba60eec9945,0.00013405885319508833
ck_5c45968a805132e0,0.0038767104221512014
ck_bebea2cf3063fb24,1.5344870779585927e-05
ck_c3c69aefe7ea1d2f,0.0010192143125748862
ck_02028b72f26fe855,0.00018001776183237966
ck_dfadff70a58a9133,1.4138083167667639e-06
ck_6482ed4491bedcaf,2.9740619146446938e-05
ck_754cd7b4a5ae3f94,0.0010126424915459025
ck_3132857aec8485bc,1.2232815350973862e-06
ck_7ce4ca91b8f9f1c1,8.792903940717978e-05
ck_41938582f4351772,0.00018812705581087308
ck_f87d66946252476c,0.2304498858776755
ck_8053f1879a9b4e43,2.6385300419580088e-05
ck_93892e91387f5103,0.004700817376400994
ck_15254db133b28371,0.0009774053731483364
ck_d557b9feb241b3ec,6.176817415741022e-05
ck_71c3a8e4c12c989f,0.00012188471566560372
ck_80e3041811033443,0.013229825992043249
ck_3380d60067b4634b,8.790874185356636e-06
ck_a9c2cdc758df8510,0.002300106249007409
ck_3c0031d7514da17b,0.0008013742590721424
ck_18d214b1418be39d,1.1218977147231366e-06
ck_7ce768407fd48321,0.0008505492923434155
ck_7a50abd42298133b,7.87401057989262e-05
ck_2db10f987d137582,0.0014417571362138983
ck_e077d004cd1d80ae,0.00010796853734362949
ck_1cb6dc67f9a321b5,0.0004340359980852645
ck_b864f64101149c35,0.25275811905253653
ck_9bedf54df9418e4a,8.150043833775451e-05
ck_c47e32c47f0e6578,0.04728484655474752
ck_71f382d5e338daa3,4.619148861000969e-06
ck_14b4bf7be6ac2b61,0.010520259032669668
ck_5c87eea1cc07cc92,0.004606747804940613
ck_5f445182829ef342,0.007196766209699024
ck_a5d7311291caaa54,5.249430519138375e-05
ck_b7df99aecef385e6,0.0006180869895168629
ck_3327a0582407068b,0.004758719852547498
ck_08dba09fd7dab896,0.0004358655227763652
ck_f4ec334be5266378,0.00010813880417046958
ck_240f7f894c5a86e7,5.4523209186988654e-05
ck_a9d994554fc14a02,8.350349410319177e-08
ck_13648cbd306eee6d,0.00010616199251827079
ck_601edf9105b3c321,0.9999796387927244
ck_9527adac182abe57,0.905299484164988
ck_4e0e80f5cc271bf7,3.3512151667204776e-05
ck_96a89e720176b389,0.021306277994344296
ck_63560eec94b76d2f,0.00012475224803547313
ck_c9c99e5b19aeced8,6.314760140912905e-05
ck_bc32655ee5ed643e,0.0026130708342722523
ck_edccb5a93b741744,2.3152311664478216e-05
ck_f786cbc987b70930,1.3011463774542248e-05
ck_0e8f26536ccc8947,0.00021067141101603306
ck_b87ef4b98cfcec4c,0.0036937864991791448
ck_1a9235812de4b2c1,0.0003628460259867501
ck_d1ed88ea4211ba4d,1.5850481818559912e-06
ck_a4ddac49657a4450,0.00013909903063087062
ck_d9ffca35188e49d8,0.00645127245292177
ck_3db73bbe03c3d240,2.1650789028341716e-07
ck_fffa0622344a36ab,1.972619163425339e-06
ck_148c28df51bba5e9,0.9952317870913636
ck_076cbc25c8f15fc3,0.999858293461519
ck_e5ca550b39ed45bf,0.5309150486512587
ck_8dacf3a2061ca17d,0.0006665655044542087
ck_2d7394afd61643d0,1.2037059677567574e-05
ck_e42206e91f6a1752,9.054717829844344e-07
ck_2f4f94827984c426,7.416653887228301e-06
ck_edfe8e90e8f4366e,3.0019959658055728e-05
ck_646b15f753e5e9c6,3.0587118420311924e-05
ck_66600620149c8799,5.465626259386415e-05
ck_4ff6fc70bccfba96,0.20096025381109717
ck_41af3729590c2484,2.8161003884818103e-06
ck_920a48ba8c583e96,2.012937014485149e-05
ck_0253b3e7be021306,1.6820005868438044e-05
ck_2ae6949246ea2648,0.0003671360336264687
ck_db23a5100f338d72,0.0004290108319797729
ck_fcb2a559474c3493,0.0004291896073635036
ck_0a4d7acd2a53cbbd,5.417682766869019e-06
ck_c5d62b2b7a6f3bac,0.9999309234616403
ck_cf59f4fc0ea690b2,9.86840414518679e-06
ck_837be8126bb19250,7.732590005008636e-07
ck_58955542edee1adc,5.839677425706443e-05
ck_1b93381d8eea58d1,8.301397587225731e-05
ck_97b8e05d62abdc14,0.012922108105408888
ck_71a0d645744302a3,0.00041133381840318127
ck_a7b57882ab66b111,1.5005522241167578e-06
ck_65f76421be648549,0.00046272534429666874
ck_b53ea8713d32ca7c,0.00019253568636695345
ck_991c4c924a1d85ff,0.9447031315315298
ck_8432ccec1a4ec7fd,0.9999921812574425
ck_64c1633297f43788,3.904210227684527e-05
ck_4291fd9c1161d8e1,0.0014548185676971756
ck_5e98ed6391d9f429,0.0034395865065796048
ck_c7baebe4549fdbb4,0.0001727193356032872
ck_6e67225ba59fa5ae,0.0007597463985704715
ck_719602def4d35fe0,0.00016718865760694023
ck_bdee7c86f5ebe81f,0.000129385280675843
ck_8de38f8c7f91961f,0.00028726694175760164
ck_b0b5bf9254700402,3.853097438233708e-05
ck_7b55d9bb1a250d4f,0.016529697625568936
ck_3954b7b0fd1d6614,2.7007003452201597e-06
ck_f29471fe7c818d6a,2.433661522866217e-05
ck_9e65a8a2f587691a,0.001357903676388982
ck_eaec5f1a83b66eb0,0.9384643468514878
ck_004fe0daecbe2c1a,2.9989646747118676e-05
ck_d17653a4a2d4a79e,0.003329124987844243
ck_0dd417fcbf19e424,2.5230518034430498e-05
ck_4c99a6eadea143e2,0.009098848024742163
ck_74d602c907ee9119,1.061270291410052e-05
ck_1aa87cb62acc0ac6,0.0043755506618440325
ck_094974d75e29fb2f,0.002277428492725072
ck_5ef935ac3d4d3332,0.0008442372713712993
ck_b26e4ae47c9107ed,0.08224728717236696
ck_396cea6f95186ad2,0.0016749796087622345
ck_48446a9e8184c7d4,1.0175565128535761e-05
ck_31e1ede23247d56b,0.00805736796928071
ck_7afefa349b960a3e,0.0007301361993956685
ck_f5e02a3432571b20,0.13994055766156296
ck_64eefec062592c43,9.089272620243319e-05
ck_a1201284122c141f,0.003194714195266748
ck_1b34c420a4c85a95,0.000741822737936421
ck_d637a011332ba67a,0.00016250062074810225
ck_99c0004d8b7079f8,0.00016885001497352685
ck_948517bad569b40f,0.017305093662904884
ck_a28d6b1601b472a6,0.005474646416821632
ck_a0b4209feb31f5c0,0.9999995041505804
ck_d6d2c1f6dfc455b6,0.8615065473965509
ck_3f9e6d356d3dd3cf,1.0112672403602394e-05
ck_d08e00c842b75176,5.1789843867352666e-05
ck_bfdd232a7c5f2660,0.04336836489799835
ck_2cdad03ed069438c,0.000742046714991846
ck_42317c3eabd0a285,0.6637221844568563
ck_3eb73e56751c704d,0.00047302620898527893
ck_ef33c04f4c9e3758,0.000667982075919165
ck_1dc23dc870f1773d,0.00016013171100395056
ck_76091f357974a152,0.0027432002817721376
ck_4d9eb75e8eee90fd,0.010167927710345546
ck_578f67e69e5d2cfd,3.6174317915964295e-05
ck_3a8ce1cc724229b8,4.76134879088309e-06
ck_a96887f841e80fc1,0.0002451697300033345
ck_d2d4a8f4a9f2c33f,8.245792571940478e-06
ck_11f85bc705dbe036,0.004208772651762472
ck_7429b3f87528e335,9.911507411751939e-06
ck_26df74feac7ec51d,0.0004271624580371568
ck_c78b2638fadd91ab,0.0002417122767310226
ck_7eaad325abe3b50c,2.9426381782912375e-05
ck_fd44e34af620e606,0.003349603805035955
ck_f99738dff854e25f,4.473171640738853e-06
ck_1ffbce3a239bb264,2.6989273692859106e-05
ck_96c7d52ba0a766ef,0.00304551894612113
ck_cb1c00c300af3f9e,2.110263897820712e-05
ck_ec3d12848ced99f2,1.3137656560695273e-05
ck_26cfd7c3c6c7bf69,1.3070756474636079e-05
ck_7ae86b5a885affc3,0.0018527334225437208
ck_3edaa94d28cd48ea,6.565695012218129e-05
ck_3209c530c9812e39,2.3495626901948587e-05
ck_ea62ebfc1f04b49a,5.88550779778622e-06
ck_5fc90b4668ea81bf,0.002475181981570652
ck_95654593cdebd141,7.2900910553158045e-06
ck_958c0bd61820147f,0.00033548989189539745
ck_8440ef1386c07194,1.935711088833067e-05
ck_8cd1b68dd74b1375,0.1583925638745968
ck_c9eb4df91ff07f2c,0.0198632842756459
ck_c29489366c01fe65,0.9991089429323008
ck_c965fd6bec0f0ecd,0.004687751015218935
ck_84c402b23766e1f2,0.0012204293196195766
ck_181f3dae03b87136,0.021261523929340647
ck_022a8ae79eb28cf6,0.9998182821416126
ck_469c17407d17b706,0.004804656511878706
ck_1fcc5843f39148a9,1.7215969063307274e-05
ck_5debd55f361b2ddf,1.443555250631402e-05
ck_28cb9b03e89263f1,4.883220033753397e-06
ck_f067470743d3c7a2,0.0011843675693972151
ck_d5d225ce41a1a762,9.781328487540124e-05
ck_15b4840922195ffd,4.659766251831734e-05
ck_6bcfa37c717f19f1,0.00495718996858724
ck_8d501a0386c66be8,0.18680266046441357
ck_1a9d6190c57ea7e2,0.8850473434692305
ck_c49832eabdac5bb7,2.210176198694987e-06
ck_b4331140b2e0d4aa,7.44276559468155e-05
ck_5efbea1befdefe1b,0.042554218289145185
ck_72ff52c4824072ce,0.002526811632117403
ck_ec3715add8bbb6e9,1.58725779469611e-05
ck_9822f8ed05335741,0.00012592412043392295
ck_c3d7d3d12a1981a3,9.572018991943609e-05
ck_a115a7919ac5875a,0.003507034662479985
ck_4dd4ed23e0b927b7,0.051437316273341895
ck_4c76efcc1ee6762d,0.00011790934767553246
ck_3ad6e7bf452c9b21,0.0008124729330062457
ck_dcbab304b55a42c7,0.00015211145856523333
ck_24b53090faf722cf,1.704928486618858e-05
ck_187317383400491d,4.6545288516749285e-05
ck_e07fd57565c94c28,0.0004586866251953181
ck_740e760fdcd27835,1.589626954719786e-05
ck_d3796aebda1cfed5,0.9757591541231522
ck_e541967c681cb929,0.0011363529335360236
ck_431118050b834dcb,6.032550792140749e-07
ck_90f3655f0c8a0074,3.98722486016072e-06
ck_13cd943777651aac,2.2802618569725114e-05
ck_66accecabf3901c0,0.00033583983668727274
ck_937f0da2306b2eb9,0.0005630025933029769
ck_105b0c93573fd5b7,0.15070034938005955
ck_00480407160e0743,1.544694300076537e-05
ck_e032068be7b77d15,0.04964028294821665
ck_991b7dfd69098320,0.000342472848297161
ck_37d47cf0f34574a2,2.695389116917241e-07
ck_011551a596544f5d,3.565647755554728e-05
ck_9acd98f4fe2d474e,0.49842785890448843
ck_7c88d3d377bb61bb,0.000664218854235832
ck_e2374c7136c964fd,0.005750512282100791
ck_2fa8f2577116e9ca,0.0006500276338512533
ck_d07c5b0321c685ea,0.6832019527366675
ck_bc736114a31088a7,0.005942127772316822
ck_32bb42f9bff197f8,8.47055057365086e-06
ck_66267bbad1f1415f,0.9999852741691401
ck_19988702ccd79201,5.637665628349273e-05
ck_f473a03fbcdbc4b0,2.719244354772643e-05
ck_e3f1d85fa5d49396,0.0004448243932772677
ck_c4402ea6291df271,0.00019956357836460609
ck_243bd5ca8c4ae5d0,1.4767103379824211e-05
ck_f271e855925e8d6b,0.007585485042822228
ck_e424148c6f2223df,9.38321560932033e-06
ck_e4d0a9e1102a58b5,3.2879047931266264e-05
ck_91c2a5fe69b9b1d1,1.597132217604951e-05
ck_5fd8924732fe403e,0.022652171462239596
ck_9a881d5433126ada,0.0006214752946863575
ck_73cab88b29c7845d,0.005204464209214182
ck_5b5dea6476d4e182,0.003120060511640083
ck_ccccb17d2ca6ce94,0.004348911360140322
ck_cd1dc68e441222b1,0.9999570900491204
ck_8312c49b1431a406,0.002512628896414763
ck_25fea39897f2a559,9.144759262890155e-05
ck_f56200205280bddf,0.0032823936130869213
ck_7336611650dcc088,5.183145964749662e-07
ck_590716322ff147ae,0.0088266506163438
ck_c82364d87875a1a1,0.0008138765739559668
ck_fa4b60387d744fc5,1.2396633285543888e-05
ck_d841eba8906e9a15,8.410742627877325e-06
ck_d6df562a79b9d0d9,0.00015444528082545885
ck_59a14d2564193101,9.796369855697179e-05
ck_8530158e3d7f59e7,0.00011610149211039058
ck_ac68d707006c12a8,0.0009061012927426476
ck_976fac1bb3dd8c58,0.004873750258808954
ck_f854fba8f4adae3d,0.018252822052440734
ck_b98e9c3ec6e7d1e7,0.0002177969705551692
ck_803c0b4cf9d4bc1d,0.00036086742064162663
ck_76997a33c3ea5107,1.6821301084563834e-06
ck_f1a9d832b700bda1,0.9981173065926184
ck_2bd96ddb8c323d63,0.9999784894045536
ck_9e5b7acf51b1b743,0.002537992889358049
ck_09169f22194fd6aa,0.002890342678342699
ck_6d69e092f9b0848b,4.538466034175027e-05
ck_9f83fa5a2d3b9049,0.0005709358441633345
ck_57bbb19eecb4b87c,1.2858801836348545e-05
ck_e0e9cfabb979f428,0.00010351668602144243
ck_b1ff9edc51d42f97,9.070008148615327e-06
ck_4682fad271d47eb0,0.9997670313429695
ck_ab33fb754c818ae3,0.0015733960822480195
ck_b456f62b80e21557,9.124308893169185e-07
ck_16340be3f2a7fffd,8.305016587203937e-06
ck_ce66831f6611014c,6.861705058062602e-05
ck_4610a073bb54d1b1,0.0007386943290189315
ck_fd038a7d33a9d6e5,3.181592745296429e-05
ck_c8198cb4c461304f,3.7775869119547906e-05
ck_1e7de58822000dea,2.9291885050855965e-06
ck_b2a79dd3df560f14,0.0017692693533027297
ck_74a06f347b32347f,0.0007402669922781046
ck_c6fdb2972417c9bd,0.0006901742976345701
ck_d7607a213b800bfb,0.02022335707952556
ck_df65967b8b40319c,2.3057770583100235e-05
ck_329a73dbd585ee09,0.00018758227825418493
ck_74991a9e85c3b07d,0.001047541493169811
ck_bb76609b79e0bc9f,0.0011697717802902148
ck_f7fc1bd0b9ab1fa4,0.000699546966123892
ck_d111c98b36bdb791,0.00018146696615005758
ck_f07e27d125497b66,1.4577953509304241e-05
ck_093e3a7134e11d6b,0.0002456885010900554
ck_862c7953bdea48b0,0.00012161160946388695
ck_392cf2cdd515c34d,0.00012104834647134411
ck_80eb91b0b4001084,0.006299098443892136
ck_5923f53b77193a58,0.00019582517698666654
ck_8049f5fce32be185,0.8453600665975862
ck_ebc5a2c6cf88e252,0.10040701301245959
ck_9ea5872f14cce338,0.0033547116305241427
ck_f7fbc95ebf584379,0.0006904642641922664
ck_bafe82c870356706,0.9998346414179383
ck_278b36c5932d9bff,9.51521828018817e-05
ck_6a892dd5d05c1649,0.0006188838910957607
ck_0734fd90b2cabd43,0.0005121575821677658
ck_9b552204498b6762,8.990831250707146e-05
ck_f6c909c205767956,0.0003090640057184707
ck_32f590e87bc3d715,7.007710406212148e-07
ck_66a8325f28be7562,2.3287342575562765e-06
ck_b129261da9c3c3c9,1.2041296565363084e-05
ck_a524071c51ddde20,0.00026066472144641213
ck_ba576d6d4cb6130b,0.009057271784983993
ck_8d8226520722af78,0.017165236741338265
ck_c5b0f0d4f1655a20,0.0030617237039459195
ck_61814ae9b6d8eab1,0.000578598546822211
ck_382ebf136f7fa337,0.008553919796086598
ck_423ff4ede6a9f066,1.5270118400546614e-05
ck_546ad962d04b7de4,0.9832177384646265
ck_9473ea4a01c95f9a,0.0034250407521590597
ck_9eb1da8cd35a50ce,4.26136641712045e-05
ck_de5eaa2cdbcb67ff,0.004974671482067725
ck_537cc97d0398c922,0.34352685384495873
ck_998475a2e4dfad4e,0.0008544998919495686
ck_e62eb708d2688fae,4.793467892840332e-05
ck_ea623358f704daa7,0.021648129064314604
ck_b911a09f328dfd4b,2.0827737684536963e-05
ck_4b3506b624e5193c,0.0002944832274817463
ck_448456f96788713b,0.001468855833236236
ck_5d5ef9e75f65d076,0.00010440813834857758
ck_3b74512f774a6e5a,2.317972243585096e-05
ck_a032e8ac1507c6df,0.9888836733201987
ck_7e2d6b22a0ae20c2,0.19792894365991942
ck_d80283209c963f11,6.014325461852417e-05
ck_d1157eade2ac3975,0.003714607992732666
ck_be48f583f79427f7,0.001165740263230004
ck_0027b5d4107d65d8,0.002475418793133234
ck_94fff69584dd3b2a,0.00024147349209407003
ck_75fcda73f0b43557,0.0003818329270998438
ck_a1c78972e4ee4082,0.00021620296080559795
ck_f0982bbdbd122f91,1.4988471293663825e-05
ck_3199b471575aeb3a,1.2982283709440474e-06
ck_7fa947a0b1c1cf74,0.00667574630125902
ck_a60c618b7f0e4252,3.479940369362223e-05
ck_722ac47c8ac9b6c3,0.0008122555847591167
ck_d44dc3839a195c8a,0.04416293617178891
ck_a2c3e82fab520483,0.002024589495480676
ck_6f8ae0319c07cafe,4.212244032358162e-06
ck_49886ff1e2c759d6,0.03095373040200111
ck_150a1108f936e6b0,2.530804536433754e-05
ck_e21f9f96f597695b,0.0003711838575124033
ck_7297bff2b7fdcbc8,8.531810566427416e-07
ck_ee949c71f4f702eb,0.9999412605787412
ck_6fc37dea4b4f35c6,0.001500671200774969
ck_e76257caa98dc25d,0.999464922056029
ck_828eef2334e17b3a,1.7652758902103604e-05
ck_604e1b8a8c693aa7,4.5754492928623554e-05
ck_7743c9fe037d1f9e,0.003538582358179047
ck_864a11202e19e812,0.03686548641691744
ck_4ec040b9e3785e4a,1.796616255144873e-05
ck_7346e4f820d9c00a,0.9996755277283974
ck_48d4d63beb26b623,8.117862136409218e-05
ck_c423aa6de3ed1e01,2.7746270942950503e-07
ck_d74b2ead8aaa3f73,0.0010599004546849964
ck_1dd69a11daa7bf1a,0.0024050710113791706
ck_d9143e236eef177f,0.00021462270703908072
ck_f790d91e5ff0eccd,0.22128211212530594
ck_69b5620e00ef5dec,2.4794986104086076e-05
ck_cd32e58e8a1c0e85,0.0018135411861941605
ck_064013b0957d87a5,0.9999987433169938
ck_a481385c2e60dc4a,1.8164431576829342e-05
ck_d72035cb29db3aa4,0.0008316540343084188
ck_3759939a0205306d,5.9857647629595534e-05
ck_f437a53fc832ec95,0.988851188588289
ck_260ef2f3e6434819,0.006575153565199847
ck_35e411b05d22f663,0.000771221766128395
ck_8bf46e472f3e20de,0.041947533498162035
ck_d546994fc5d3e9d1,2.3438067027319418e-06
ck_6ff0fc7487e737e7,0.023489901135901943
ck_5c67f27816ae0b6f,1.9864256603945455e-06
ck_c5517923458106ae,5.4697316717737684e-05
ck_d9735647a6b0b0a7,0.9979161242477314
ck_541a734fc457246f,0.0012227625736751793
ck_2f6a639468f41043,3.2657941249014205e-05
ck_bea2cf7a6b7bb900,0.00014757389662531113
ck_7eebd0e6ad6c070e,2.2844187869091967e-05
ck_b64c87d5e3b10e6a,0.9969280468826633
ck_9dd7daacb7833233,0.00044641596827947144
ck_396e9ea9a6c6d7d9,0.0002471102289361413
ck_1645e6cc53fa99ff,0.00298425804205917
ck_ea2a83ccb8d57490,3.272555823570633e-05
ck_e64f0df63e1be595,8.818523864536365e-05
ck_fa0b234481cb57d3,0.0021561556846427165
ck_63379e3c9fe6f711,6.376224055032996e-05
ck_c67f7944896a0310,0.0027858979733903287
ck_c10e54c9db29e6ef,0.9999970581507721
ck_7184ad7709ae4c80,7.359999102038287e-05
ck_f8b6069d7577fde6,2.250369474701006e-05
ck_18444be153bac1ca,0.99795611288472
ck_d0982b4e0e118e4d,0.00022451131543827868
ck_6faf3e6820398866,8.504344389315756e-06
ck_97e980463aca4644,2.16602637874503e-06
ck_630c835243c66b19,0.9999927662166107
ck_fe429ba3e1aa0e4f,2.28172812964724e-05
ck_1058129ed7b48c59,2.7123021245710585e-05
ck_04a1a46f07885296,0.0005561930568952524
ck_f01e94331067edf6,3.028424397571664e-05
ck_77b2fb17c29f5e72,0.0003863637182299606
ck_4f0c5857da45fb28,0.0025240530777962994
ck_2cfb9a7775e8a5bc,0.9999213680592262
ck_6846100e43659bf3,3.286441605451206e-06
ck_f89719a854fe11d7,0.0009534850061171655
ck_bf47375e41ca3bc0,3.348333883700148e-05
ck_2770b0400a7bef08,0.007322862283782664
ck_2a09d142de1c77ff,0.0002869254425906455
ck_857a1f5547b9ad68,6.319481362738425e-05
ck_185f15b1523bbcf4,1.5183073848783881e-05
ck_ab2aed614ec1cdf8,0.00014143921818636788
ck_a9e7f3b2d5dfd97b,0.00016394180933585115
ck_0eeb3d9b3e697edb,0.00017179867702734299
ck_fa5830d81bc8ddc1,6.192652705671138e-07
ck_231ae0329ebc3220,3.354131509519846e-05
ck_1587763dd54688c9,2.167476344261669e-05
ck_9f85fea4490c00cf,7.656486585184764e-05
ck_a2d709e7eb91e4af,0.002226853089842688
ck_43637d28c7216453,1.617850779216918e-05
ck_f3ab5dd853d38252,8.86268443412419e-05
ck_4a1f0172d3bf4fd3,0.0006436458380866468
ck_517620ca16505af0,0.001362860006126938
ck_9ae904fbef56065c,9.279420230253531e-06
ck_d5ef1f6e34bb35b8,0.0053665490874446565
ck_ff42557857ae3aeb,0.0001213815529895976
ck_ad9a18f58589faa7,2.071509846469241e-05
ck_df1a6edaa3e6b271,4.3498983876082333e-05
ck_99021fe7225b5a68,0.0029191881239316268
ck_99e52c3c2530b69e,0.9999874173833605
ck_3a4811dc4a1a891d,4.423825667754499e-06
ck_ba3a6be026c87079,1.3466607172448202e-05
ck_da6d1e5cf6aba6fd,0.0003960075554997877
ck_ddc7c1f3d45fe6e6,3.971590319781999e-05
ck_e1b1e7a7e4a15b3e,0.00010198934492785291
ck_8288f7f226e08b89,7.355562859795938e-05
ck_c4524993ec31dbe5,4.941337563302529e-06
ck_8b19bb5b23b6741c,0.0002865801613226113
ck_d21b38231a8a9f4a,0.0018051036116050617
ck_3f730318a9792292,0.002691712786509207
ck_a4db6e94a8f77f9d,0.018470489497616847
ck_a8cac8d480306839,1.3374431701722475e-05
ck_5472214011fbc2a7,4.870165917120159e-06
ck_7356f47dbbbe7904,9.102757930447881e-05
ck_16801e628e883d78,7.800954927794975e-05
ck_0dc1e536231c4860,1.1284295635378592e-05
ck_7cd0634a6e60af83,0.0001063657738996814
ck_ef6f8e048ae1bd4b,0.0004762505361998297
ck_82f3f744209888ac,0.001994507914572849
ck_f33188c232a03526,0.021347851884877922
ck_4a59f4e10bf45d7f,3.4616785397472317e-06
ck_d96c893721385e4e,1.0351888958876186e-05
ck_f65ab819373edb37,0.00155927825378275
ck_21cac21fc10b7768,0.0008888542556717413
ck_139b54e6ccbdd7da,0.0080619854668434
ck_d6f5c8741697abb3,0.0014921792235157447
ck_a28d9bb5590d458f,0.07161862339726659
ck_ed26d906883bea0a,4.1870458250607e-05
ck_227602ad072b838b,2.602192086375892e-06
ck_39d5f6c17c745ab1,3.1297149018861557e-06
ck_744eade757ba69b5,0.002165231871540174
ck_c1295d97cdf35ec2,0.0005290541103258156
ck_69105f881da3c821,0.009149186332790755
ck_933789b55361d7c1,0.9996278296832888
ck_b667952253503174,0.001103459664464777
ck_7bf668e25abeeb05,5.487141208592776e-06
ck_91742711dfdffd56,0.0006798356852066893
ck_af32a0660090dd68,0.004267609876958154
ck_2122f201e65f76ee,0.00013916035030157848
ck_f48acb73a5d6af07,0.011121729666800962
ck_337c5684510cf432,0.014400070857884988
ck_f7bde7265053364d,0.0006146054533147403
ck_c190c7b924edba75,0.002627835861512843
ck_044fa3b3a003f0b5,0.0003968000402069301
ck_87eb43e3b9d96169,0.0005897334099630493
ck_2d3d6c9364362017,1.2156972884570512e-05
ck_ac55dc6cbcdf8228,3.427283293251694e-06
ck_61d7b0568ec5d6cf,0.00029963509033066696
ck_89c74feeaffa7d09,6.631689060574321e-05
ck_93776b0c113f41f0,0.05021652353742356
ck_15e0b679931f7a8d,0.00024590376404518623
ck_77b56c49cfdb1d81,0.05640429744770733
ck_73188a826b5f499f,0.00015684976041716451
ck_4f463ef25325ddfa,0.4710637380553955
ck_863db2e394dc47d1,0.999827516560486
ck_d52432ed597f3cc9,3.218721489310181e-05
ck_04fb61e5739642f8,0.019398286127690317
ck_2e481d75d110c06d,0.017088938321558673
ck_3fa1a523d77cd619,0.0003941275588753213
ck_466dc6274fecd708,0.0012753345519594715
ck_e1790b3aa2241b10,0.9973902653206924
ck_84ad096a46e1a960,0.004020291544502814
ck_3be72c9c178fa00d,0.006146020265154127
ck_5a17c89219d1d9fe,9.988637706152804e-06
ck_4f639f4ee6ce8d9e,0.09779991650240193
ck_f4ec4a935e51b4db,0.0003566745019249709
ck_f04040a830f92bac,6.579397865877067e-06
ck_3e4d02a04be2aaf8,0.0019205668031529882
ck_4d1baef193cfb900,0.0005690468154497001
ck_0fb3153d37626b75,1.8589736041303076e-05
ck_88ec57a11b11f702,0.9999769516199833
ck_dca9dc465f759db4,7.921689810573858e-06
ck_64f5fba6af67e024,0.00041823684012006417
ck_896096cb167254ef,0.000559598515519469
ck_7878679065876b98,0.0020480235232602996
ck_fe8e5a6c880ceb4e,1.013681590415756e-05
ck_a5e036327d3d1862,3.2458021555425627e-07
ck_310f73940fc4cf4f,7.100150607426911e-06
ck_46a8db16ad00b749,6.142183120766416e-05
ck_0d33977c3de8cfaf,0.9999992596514472
ck_c6fff412f531db0f,8.824567775150178e-07
ck_bac6dadf428eaea9,0.0007170398716676477
ck_1b96d9af0d7da2d5,3.8073045528393047e-05
ck_fa8a4a9e77799fcc,3.2983918106594543e-06
ck_0bf48607a874b4d1,1.928653547845404e-05
ck_eeb75f8a6439f65e,0.02269265122942928
ck_a209a5f7d172125e,0.0007334323659711141
ck_8f346b72fb40bf14,7.730700018627946e-05
ck_bccbf9fef367f00f,6.524298357777581e-05
ck_2d1548f1ee405cc9,0.000302351447103767
ck_e8298ff2dc1e9d50,1.86613119752033e-05
ck_77c0fb524edb4a94,7.322377078434252e-05
ck_28ac4c5134cb8e77,0.0007333143530175658
ck_db23a0e3e54be60c,0.9994755473007163
ck_a059d00cee5cee99,2.6812057279949857e-05
ck_3e9e3bba8bd363af,2.860960302775482e-05
ck_0428728df24cdab4,9.481680889280099e-05
ck_88cd35378075c84f,1.597247145298396e-07
ck_0174d76398d9dc0f,1.702648894411206e-05
ck_3f1287e6c27de0dc,1.2260975564294862e-05
ck_ff822700f3605e06,0.9999990954629712
ck_4563227b2038ae07,0.002871710895345003
ck_788e78065526ee19,0.00820257530164863
ck_8a16eb584093b12f,0.00023955871200520402
ck_cc276f71ab6c08fd,0.0033368506614347504
ck_d61d97b21002f3e9,0.005226565774862095
ck_4b2e87d86a5e415c,0.002513560666260616
ck_3e6f35e4500d2f2a,1.3673716564993847e-06
ck_3acdb083e0d8ad61,4.128880145556103e-05
ck_cd655202db489010,0.00037960147939102723
ck_829cbf5ccda481ae,0.00013107314733379444
ck_f5882e6f98b8b4cd,0.00014206540476817642
ck_767947540b234add,0.011278895745895443
ck_a6e8e8f535b1f1d1,0.003739875518547687
ck_58412a2674fea506,1.3166579743044192e-05
ck_fae7e518a585fa61,0.0004410828211455688
ck_9c60ae6958d68dbd,0.8664236609713539
ck_328696b8f5e54ec6,0.0015703731225378686
ck_7df3f8f4f1068d62,5.994556305429247e-05
ck_cfadd21458230ef7,4.154329977502624e-05
ck_7048bedd554c703b,3.669882633013984e-06
ck_50422466f145bfd7,0.00012568183815241842
ck_61e1f7168cd9ff25,0.005664991816630832
ck_733aff0f56f5b3c9,0.022100915563642177
ck_e14892e424180549,1.3527929443356505e-05
ck_03f6664a96de7d0f,0.003807898426263625
ck_b7f4baa2cc82fe61,0.0005676230910676085
ck_1e51199a075ca0fa,5.081671797682219e-05
ck_0e70516fa07cfb17,0.9288906366553406
ck_0f37c554a5057801,0.7880016814087091
ck_5576b725de38d106,0.00022207988615915476
ck_82f360df1e9f4eb8,0.00048086355498337116
ck_395f3bd4aacd7ca6,0.0007159280070074724
ck_5e8e857b63966609,0.7051145557891864
ck_93470896f0804b6b,0.9999183624110674
ck_3be854e42e76569a,7.220712020226526e-06
ck_0567302c57a2417e,0.06008348747336638
ck_ee535461b5f05539,0.3662867729296012
ck_94a096c36162a153,0.003217907905948402
ck_dfc8f5c141fd7c63,3.220928649573384e-06
ck_98b34f2d704c1c2a,0.004565422404788496
ck_96dff7a09d45f116,0.005679208148412487
ck_79557434c129ba52,6.187660738308093e-06
ck_4596624a7c01d501,0.0003575963205729773
ck_04e89fbd739243fa,8.661465718633863e-07
ck_6149ffaf18872dc8,0.00013604777846442411
ck_cd78f0832a09bd8f,0.8120152139334649
ck_7e29c10d781c3b41,8.49073602717811e-05
ck_1f7ee7b23fc6f2f4,4.603218689038558e-05
ck_c49b685d2b3ab89a,2.8096472355441133e-06
ck_84569a8fc50e73ac,0.00023283211085309882
ck_b92b11d205af91eb,1.0847038856539676e-05
ck_06280e6d6d2485b0,8.258143571584723e-05
ck_3c08546dd0c92863,0.0009293714872866553
ck_99d3983f907828bf,1.9870402759739803e-05
ck_eccfd552aa652d3c,0.001099659264065093
ck_0cff8153881875ba,0.00013614118019785482
ck_c1aebbeca6ab5ff9,4.144970213301217e-05
ck_538fdbbb3c2bcbbb,0.00025419219875264166
ck_8c0210322733c718,2.0085336392861536e-05
ck_0b0c93039f987abc,0.0003544862100392246
ck_6d07d6d1bd227d37,0.008399479873270454
ck_9b6ee35e8cd0b11c,1.4534154681465805e-05
ck_d838491d3d4f5ecf,1.675157437618498e-05
ck_0593ae243a9ebee9,0.0016035166105253455
ck_ef261fc09be8eb0b,0.0001342533508366529
ck_d0935b571a4a3868,0.0005621197287882427
ck_97d04a67a104af39,0.07483379673795248
ck_e25f70d0b7229420,0.0002852348913674192
ck_9b71274ff83de482,0.9999678745852051
ck_6de2aa2bb60978d3,0.009889052129124788
ck_eda55c8fb47593d7,0.0016457743538298417
ck_924e572517515f19,0.15658485764827768
ck_d6f27eacbad310f4,0.00011356731362529241
ck_8550f229b5eb03ab,0.00017008581291999377
ck_e3e95546a84d0ed8,0.0002649161565967825
ck_3135c019696ee6af,0.9999040743043749
ck_41ba315d8fccb559,0.00030621814904482263
ck_72b86e4485da2d0f,0.9993457314540349
ck_daaa995f3c2f0e47,2.0802978825205295e-05
ck_053746067839696b,0.0008473086076507556
ck_a15fe7d0f4b65c33,0.5954934457553998
ck_15de11438732bb05,0.00018985742328508212
ck_2c4d25acbe3fabd9,0.00011884365267499344
ck_7f08078908599bd2,0.01298043940368005
ck_e794741742fb2619,0.0004432684946884799
ck_238e53b6dee8c301,1.643632645132359e-05
ck_53a6a33060d5c8b8,0.000827479185607828
ck_0e0919292ad33472,0.6195536879722569
ck_d86ccf148c06c8c8,0.004948186430114338
ck_c881f26c9bf9ae42,0.8543570593517291
ck_4b0947bf94e9d847,0.005839250961489071
ck_e10ff5c38bd18470,6.473887652490618e-05
ck_b60de9e97aad9e45,0.867006577491227
ck_190bc849e5ff5401,0.0016799690683188852
ck_e7be077aa0b2632c,3.0327214524976303e-06
ck_a51abde881ebeff3,0.00031242258161089554
ck_2208392a9f6bd249,8.209720161891912e-05
ck_0259da8f109017e9,4.3622295159668e-05
ck_05e01ab9c95449da,0.0003174332368369537
ck_c82897ebffb6ae66,5.398350023303001e-06
ck_b4a6bb4689cd7cfa,0.006082940324311165
ck_9e21ea33018ce538,0.0003603000633975955
ck_caa348f0e65db062,0.9999676561208816
ck_a964e6b5d8415334,0.8709349990869006
ck_510bfbbee37ff436,1.0028878368807977e-05
ck_9741a82faf5c7889,0.009217727532497545
ck_e7f61b4a39ba98ac,2.540951712769371e-06
ck_069d158665a53909,8.632723684952321e-06
ck_6426427efe3228af,0.00258060473777022
ck_ab4a8d02ec3c0fd7,2.4775777919818086e-07
ck_aefa0d8d933e0eca,0.007690143935018939
ck_232325ef6bce92f1,0.00012077397869333437
ck_14e58c3fb26a2b4d,0.01541242139566007
ck_06e73afdec26aecc,0.01862645145313375
ck_3168f4f2778d64e1,0.00013734649177568365
ck_ff3998d6858daa21,8.594833056460679e-07
ck_bccff46fb0868454,0.41864903041243945
ck_c7d444d90fa86d7c,0.4089855547322661
ck_f0bc3bdee6bfbb94,0.0005922515054238113
ck_f7112818a6d81422,0.005077332266045594
ck_aca35dbcb835ad02,0.0021325867927695164
ck_f637fabf0f60528f,1.06278955004375e-05
ck_53d17ab97de1ac3e,7.921008169454618e-05
ck_c8c1bf16d9113493,0.0005975029362210827
ck_e842fb0cf055a83b,0.0010078057278814253
ck_93c0cb3dac4891fe,0.0001821328416552386
ck_0c1f088e17e46daf,0.0012575815525123913
ck_8f4b384955bf57c9,3.5587842570320206e-05
ck_09cd5c4df1e81ac2,0.016960736582005583
ck_1e832a5b2342554f,0.002408468446336338
ck_2cb763a881aee27f,1.223112524556223e-06
ck_5875828b11406398,1.8251653410315185e-05
ck_48e84b0cb0b90fa7,2.0484479415075512e-05
ck_833688de8629c5c0,9.942615137068105e-05
ck_117d78ccd5820f36,0.00044738246962513546
ck_668ec61c4c39cae3,7.217857689917353e-06
ck_73a7794b659d7a34,2.9778520236807228e-05
ck_10f90d879209734f,0.0006337670419850726
ck_d1d079913aa158bf,2.799571491192385e-05
ck_01c631b38e8a9535,0.015223372608093928
ck_f6923088c17a04e2,0.04132181914111046
ck_b447badc9138987d,1.1967487473575021e-05
ck_8b772caed8f1541c,8.663670000443963e-06
ck_5403c76fe68a08ba,0.6058878910024634
ck_3e6833574edf1736,2.2881296641759696e-05
ck_e527fbb9450a4581,0.9999716545487297
ck_cc90e219f1ebf390,3.27040693495177e-06
